USE threadify;
INSERT INTO ProductTypes VALUES (0, 'T-Shirt'), (1, 'Shorts'), (2, 'Pants'), (3, 'Long Shirt'), (4, 'Jackets'), (5, 'Socks'), (6, 'Underwear'), (7, 'Dresses'), (8, 'Shoes');
INSERT INTO Seasons VALUES (0, 'Winter'), (1, 'Spring'), (2, 'Summer'), (3, 'Fall');
INSERT INTO ProductGenders VALUES (0, 'Male'), (1, 'Female'), (2, 'Summer'), (3, 'Unisex');

INSERT INTO Customers(Name,CustomerID,PhoneNumber,Email,RewardsMember) VALUES
('Noemi Fisbburne',1,'683-285-6559','nfisbburne0@oakley.com',1)
,('Gustavus Woodrough',2,'592-411-9409','gwoodrough1@eepurl.com',0)
,('Meridith Cowthard',3,'100-475-4272','mcowthard2@tinyurl.com',1)
,('Berta Davenall',4,'779-199-1836','bdavenall3@liveinternet.ru',0)
,('Kendra Crippen',5,'650-948-5655','kcrippen4@canalblog.com',0)
,('Xylina Wayte',6,'909-317-9739','xwayte5@angelfire.com',1)
,('Ailis Redhills',7,'719-953-1983','aredhills6@webnode.com',1)
,('Cassaundra Reubens',8,'177-530-1125','creubens7@cdbaby.com',1)
,('Leland Gunby',9,'752-883-5440','lgunby8@wisc.edu',1)
,('Eleen Coggles',10,'814-139-6995','ecoggles9@booking.com',0)
,('Kerwin Ateggart',11,'582-945-6465','kateggarta@businessweek.com',1)
,('Anatola Glancy',12,'955-715-1639','aglancyb@seattletimes.com',1)
,('Marlow Brownscombe',13,'362-772-5601','mbrownscombec@slashdot.org',0)
,('Frederico Tams',14,'220-229-2647','ftamsd@acquirethisname.com',1)
,('Allyn Cumesky',15,'870-911-0946','acumeskye@latimes.com',0)
,('Riannon Blackborow',16,'641-858-7488','rblackborowf@mozilla.org',1)
,('Verena Rosie',17,'394-398-1933','vrosieg@constantcontact.com',0)
,('Kirbee Springford',18,'727-379-2583','kspringfordh@google.com',1)
,('Ester Straine',19,'786-934-7362','estrainei@chicagotribune.com',1)
,('Nicolea Habbema',20,'424-676-2458','nhabbemaj@ebay.com',1)
,('Brockie Dargavel',21,'388-481-0606','bdargavelk@wunderground.com',1)
,('Gaye Philipet',22,'806-754-8494','gphilipetl@techcrunch.com',1)
,('Brendan Jurisic',23,'838-751-9370','bjurisicm@howstuffworks.com',1)
,('Georgianna Tomley',24,'282-339-5763','gtomleyn@jugem.jp',1)
,('Valera Bousler',25,'265-351-6112','vbouslero@geocities.jp',1)
,('Shepard Storks',26,'113-914-9065','sstorksp@adobe.com',0)
,('Verne Zack',27,'634-273-8254','vzackq@tripadvisor.com',1)
,('Rob Janning',28,'641-432-5708','rjanningr@amazonaws.com',0)
,('Reg Derkes',29,'955-265-1439','rderkess@cornell.edu',0)
,('Sophia Bourgeois',30,'201-746-8736','sbourgeoist@bigcartel.com',0)
,('Janelle Merlin',31,'933-260-7330','jmerlinu@bing.com',1)
,('Nahum Ballin',32,'862-129-9375','nballinv@purevolume.com',1)
,('Jodie Charge',33,'930-493-5737','jchargew@jigsy.com',0)
,('Leda Emblem',34,'297-264-0166','lemblemx@nsw.gov.au',0)
,('Lissie Jekel',35,'290-298-5283','ljekely@statcounter.com',1)
,('Ilyse Burdfield',36,'417-206-4040','iburdfieldz@dailymail.co.uk',0)
,('Emerson Laye',37,'929-488-8078','elaye10@bravesites.com',1)
,('Ferdinande Bolduc',38,'151-757-1163','fbolduc11@yelp.com',0)
,('Fritz Kirkup',39,'338-761-6614','fkirkup12@about.me',1)
,('Lyndy Churchin',40,'136-344-4973','lchurchin13@webeden.co.uk',0)
,('Viola Rumbelow',41,'893-213-7285','vrumbelow14@bravesites.com',1)
,('Verla Hindrich',42,'406-444-9676','vhindrich15@narod.ru',1)
,('Antonia Sylvester',43,'942-515-5298','asylvester16@lulu.com',1)
,('Maurice Sibson',44,'791-876-5504','msibson17@census.gov',1)
,('Carly Kleiser',45,'618-389-7398','ckleiser18@sakura.ne.jp',1)
,('Fanchon Stodd',46,'657-330-0482','fstodd19@aol.com',1)
,('Everett Fike',47,'170-974-7607','efike1a@wunderground.com',1)
,('Ruddy Dicke',48,'997-645-3415','rdicke1b@nymag.com',0)
,('Abe Dafydd',49,'197-703-0959','adafydd1c@over-blog.com',0)
,('Luce Beel',50,'394-539-0878','lbeel1d@furl.net',1)
,('Camellia Schrader',51,'338-144-0196','cschrader1e@google.it',1)
,('Brenn McKeaney',52,'553-745-9258','bmckeaney1f@rakuten.co.jp',1)
,('Findley Manville',53,'530-124-3866','fmanville1g@51.la',0)
,('Bartlett Bailes',54,'879-785-5329','bbailes1h@foxnews.com',1)
,('Lorinda MacIlhagga',55,'656-824-6531','lmacilhagga1i@hostgator.com',0)
,('Teresina Sharrocks',56,'990-137-4060','tsharrocks1j@shop-pro.jp',0)
,('Rafaelita Tregidgo',57,'387-771-7527','rtregidgo1k@gmpg.org',1)
,('Ches Yakolev',58,'631-981-3081','cyakolev1l@livejournal.com',1)
,('Chantal Kulver',59,'397-359-0629','ckulver1m@wikispaces.com',1)
,('Janetta Pimerick',60,'665-905-6666','jpimerick1n@123-reg.co.uk',1);
INSERT INTO Products(ProductID,Name,ImgURL,TypeID,SeasonID,GenderId) VALUES
(1,'Acetaminophen and Diphenhydramine HCl','http://dummyimage.com/133x100.png/ff4444/ffffff',1,3,1)
,(2,'Chlordiazepoxide Hydrochloride','http://dummyimage.com/195x100.png/5fa2dd/ffffff',7,3,2)
,(3,'Titanium Dioxide','http://dummyimage.com/177x100.png/5fa2dd/ffffff',3,1,1)
,(4,'Nifedipine','http://dummyimage.com/171x100.png/cc0000/ffffff',7,0,1)
,(5,'Fosinopril Sodium','http://dummyimage.com/119x100.png/cc0000/ffffff',8,3,0)
,(6,'amoxicillin','http://dummyimage.com/218x100.png/cc0000/ffffff',7,2,2)
,(7,'Aspirin','http://dummyimage.com/192x100.png/5fa2dd/ffffff',6,1,1)
,(8,'Guaifenesin','http://dummyimage.com/189x100.png/dddddd/000000',1,1,2)
,(9,'Phentermine Hydrochloride','http://dummyimage.com/117x100.png/dddddd/000000',0,3,1)
,(10,'verapamil hydrochloride','http://dummyimage.com/147x100.png/ff4444/ffffff',6,2,2)
,(11,'Psyllium Husk','http://dummyimage.com/161x100.png/cc0000/ffffff',6,0,1)
,(12,'Carboxymethylcellulose Sodium','http://dummyimage.com/194x100.png/ff4444/ffffff',6,2,1)
,(13,'MEPERIDINE HYDROCHLORIDE','http://dummyimage.com/117x100.png/5fa2dd/ffffff',8,2,1)
,(14,'ONDANSETRON','http://dummyimage.com/144x100.png/dddddd/000000',1,2,1)
,(15,'Amiodarone Hydrochloride','http://dummyimage.com/154x100.png/dddddd/000000',4,3,1)
,(16,'Tramadol Hydrochloride','http://dummyimage.com/145x100.png/5fa2dd/ffffff',7,2,2)
,(17,'calcium carbonate','http://dummyimage.com/142x100.png/cc0000/ffffff',6,2,0)
,(18,'Allopurinol','http://dummyimage.com/230x100.png/ff4444/ffffff',7,2,0)
,(19,'somatropin','http://dummyimage.com/131x100.png/ff4444/ffffff',0,0,2)
,(20,'palivizumab','http://dummyimage.com/106x100.png/5fa2dd/ffffff',0,0,2)
,(21,'Paricalcitol','http://dummyimage.com/207x100.png/5fa2dd/ffffff',2,1,0)
,(22,'Acetaminophen, Diphenhydramine Hydrochloride, and Phenylephrine Hydrochloride','http://dummyimage.com/184x100.png/ff4444/ffffff',5,1,2)
,(23,'sulfacetamide sodium','http://dummyimage.com/199x100.png/dddddd/000000',6,3,0)
,(24,'OCTINOXATE','http://dummyimage.com/244x100.png/dddddd/000000',7,2,2)
,(25,'Treatment Set TS341451','http://dummyimage.com/102x100.png/cc0000/ffffff',1,0,2)
,(26,'Aluminum Sesquichlorohydrate','http://dummyimage.com/241x100.png/dddddd/000000',4,3,1)
,(27,'Acetaminophen, Dextromethorphan HBr, and Phenylephrine HCL.','http://dummyimage.com/174x100.png/cc0000/ffffff',8,1,2)
,(28,'lisinopril','http://dummyimage.com/142x100.png/5fa2dd/ffffff',2,2,2)
,(29,'OCTINOXATE, ZINC OXIDE','http://dummyimage.com/119x100.png/dddddd/000000',8,1,2)
,(30,'Aspirin','http://dummyimage.com/143x100.png/ff4444/ffffff',2,0,1)
,(31,'Insomnia 1','http://dummyimage.com/163x100.png/5fa2dd/ffffff',4,0,2)
,(32,'TETRAHYDROZOLINE HYDROCHLORIDE','http://dummyimage.com/188x100.png/ff4444/ffffff',2,0,1)
,(33,'TENIPOSIDE','http://dummyimage.com/123x100.png/dddddd/000000',3,1,2)
,(34,'Enalapril Maleate','http://dummyimage.com/132x100.png/ff4444/ffffff',2,1,0)
,(35,'zolpidem tartrate','http://dummyimage.com/245x100.png/dddddd/000000',4,0,1)
,(36,'Mustard Seed','http://dummyimage.com/126x100.png/ff4444/ffffff',8,2,1)
,(37,'levalbuterol hydrochloride','http://dummyimage.com/119x100.png/dddddd/000000',8,1,2)
,(38,'TRICLOSAN','http://dummyimage.com/193x100.png/dddddd/000000',7,2,2)
,(39,'Polysaccharide-Iron Complex','http://dummyimage.com/177x100.png/ff4444/ffffff',8,3,1)
,(40,'iloperidone','http://dummyimage.com/166x100.png/cc0000/ffffff',4,2,0)
,(41,'Diphenhydramine Hydrochloride','http://dummyimage.com/207x100.png/cc0000/ffffff',3,3,0)
,(42,'olmesartan medoxomil-hydrochlorothiazide','http://dummyimage.com/147x100.png/dddddd/000000',7,2,2)
,(43,'P32 Sodium Phosphate','http://dummyimage.com/239x100.png/cc0000/ffffff',7,3,1)
,(44,'Trazodone Hydrochloride','http://dummyimage.com/231x100.png/5fa2dd/ffffff',2,1,1)
,(45,'Barium Sulfate','http://dummyimage.com/207x100.png/dddddd/000000',1,1,2)
,(46,'risperidone','http://dummyimage.com/119x100.png/cc0000/ffffff',0,1,2)
,(47,'Octinoxate, Octocrylene, Avobenzone','http://dummyimage.com/194x100.png/cc0000/ffffff',5,2,2)
,(48,'Acetaminophen, Chlorpehniramine HCl, Dextromethorphan HBr, Phenylephrine HCl','http://dummyimage.com/207x100.png/dddddd/000000',5,0,1)
,(49,'Eucalyptol, menthol, methyl salicylate, thymol','http://dummyimage.com/145x100.png/5fa2dd/ffffff',2,3,1)
,(50,'acetaminophen, dextromethorphan hydrobromide, doxylamine succinate','http://dummyimage.com/191x100.png/5fa2dd/ffffff',5,2,2)
,(51,'Aluminum Zirconium Tetrachlorohydrex GLY','http://dummyimage.com/135x100.png/ff4444/ffffff',0,3,0)
,(52,'Oxycodone and Acetaminophen','http://dummyimage.com/137x100.png/cc0000/ffffff',8,3,1)
,(53,'OCTINOXATE','http://dummyimage.com/129x100.png/ff4444/ffffff',8,1,1)
,(54,'Omeprazole','http://dummyimage.com/187x100.png/5fa2dd/ffffff',6,3,1)
,(55,'Lovastatin','http://dummyimage.com/102x100.png/cc0000/ffffff',7,2,0)
,(56,'prochlorperazine maleate','http://dummyimage.com/231x100.png/dddddd/000000',0,1,2)
,(57,'Doxazosin','http://dummyimage.com/222x100.png/dddddd/000000',4,3,1)
,(58,'Quetiapine Fumarate','http://dummyimage.com/229x100.png/ff4444/ffffff',0,1,0)
,(59,'Buspirone Hydrochloride','http://dummyimage.com/238x100.png/5fa2dd/ffffff',1,3,2)
,(60,'Darkleaves Mugwort','http://dummyimage.com/228x100.png/ff4444/ffffff',2,0,2);

INSERT INTO Suppliers(SupplierId,Name,Address,Email,PhoneNumber) VALUES
(1,'Oyoyo','96 Bunker Hill Trail','bbatcock0@geocities.jp','560-542-4216')
,(2,'Wordify','3253 Larry Street','rellor1@discovery.com','147-894-5438')
,(3,'Browseblab','3 Coolidge Place','ehapgood2@census.gov','158-971-7246')
,(4,'Voonder','7589 3rd Place','mgorton3@geocities.com','362-575-4074')
,(5,'Eare','88507 Dawn Hill','ohandover4@abc.net.au','642-974-0909')
,(6,'Divape','41135 Susan Street','mgentsch5@mysql.com','854-649-7692')
,(7,'Yoveo','31 Cordelia Pass','aoloughnan6@tuttocitta.it','402-845-7832')
,(8,'Twinte','862 Florence Pass','hhakewell7@loc.gov','994-841-0296')
,(9,'Avamba','301 Carioca Point','krossbrooke8@sourceforge.net','528-900-7265')
,(10,'Livetube','8281 Oak Valley Way','hreggiani9@dailymail.co.uk','735-812-2086')
,(11,'Brainlounge','4 Elgar Plaza','lgiacomassoa@kickstarter.com','547-516-2851')
,(12,'Tekfly','42292 Onsgard Avenue','mloachb@i2i.jp','586-154-7482')
,(13,'Geba','44846 West Court','mwildmanc@admin.ch','503-637-7853')
,(14,'Twimm','847 Hagan Trail','oheadechd@java.com','283-635-8236')
,(15,'Rhynoodle','25 Chinook Trail','gpizere@wp.com','138-509-6825')
,(16,'Lazzy','90221 Ridge Oak Park','jyitshakf@toplist.cz','433-465-0428')
,(17,'Twiyo','91 Manley Center','ncullg@umich.edu','870-133-5636')
,(18,'Avavee','4 Parkside Center','kmatovich@wikia.com','331-408-0902')
,(19,'Quinu','65204 Maple Wood Lane','pphanti@home.pl','808-393-7382')
,(20,'Gigaclub','13 Express Parkway','opeeblesj@toplist.cz','530-536-2562')
,(21,'Eadel','1749 Drewry Trail','igwilliamk@infoseek.co.jp','566-422-3393')
,(22,'Gabcube','737 Lillian Road','slayusl@seesaa.net','829-475-5505')
,(23,'Tavu','42 Cordelia Hill','lhighnamm@booking.com','744-295-9230')
,(24,'Skaboo','65 Heath Place','mgorringn@umich.edu','790-606-9133')
,(25,'Kare','2 Scoville Hill','fclayo@paypal.com','146-719-6662')
,(26,'Wikido','9076 Huxley Hill','bbrozekp@quantcast.com','780-585-2374')
,(27,'Leexo','8763 Holmberg Circle','dclappisonq@unesco.org','695-682-1734')
,(28,'Meetz','3775 Bay Trail','mfortnumr@mediafire.com','809-708-3003')
,(29,'Yodel','0948 Carberry Street','bleckenbys@elegantthemes.com','303-754-5946')
,(30,'DabZ','335 Red Cloud Center','wdearnlyt@baidu.com','751-356-3107')
,(31,'Gigaclub','25156 Gulseth Hill','gwalewskiu@fotki.com','196-871-1382')
,(32,'Trilith','0 Dakota Street','vmccarronv@miitbeian.gov.cn','912-917-0350')
,(33,'Plajo','9163 Macpherson Road','tfibbensw@forbes.com','627-750-2793')
,(34,'Brainsphere','0484 Waxwing Circle','kwhifenx@nydailynews.com','646-967-3222')
,(35,'Gigashots','73 Independence Center','ejeffryy@plala.or.jp','190-454-3945')
,(36,'Skibox','72 Summit Court','mdebeauchampz@freewebs.com','467-127-4763')
,(37,'Meetz','7 Ridgeview Place','vwandtke10@altervista.org','459-615-6910')
,(38,'Jetwire','7 New Castle Avenue','wgathercoal11@netscape.com','824-843-9212')
,(39,'Gigaclub','52 Bayside Street','lkiljan12@bigcartel.com','545-865-1919')
,(40,'Buzzshare','07 Sherman Terrace','ahansom13@wsj.com','734-371-5676')
,(41,'Jayo','0 Quincy Circle','pgoudge14@webs.com','384-636-4261')
,(42,'Avamba','298 Heffernan Road','esammes15@youtu.be','831-481-2055')
,(43,'Zoozzy','1 Charing Cross Center','tloidl16@vinaora.com','986-308-5906')
,(44,'Aimbo','02 Green Lane','ajakov17@ucoz.com','955-818-4332')
,(45,'Browsebug','4049 Packers Street','hrosina18@nifty.com','788-542-2877')
,(46,'Leenti','399 Dunning Park','cscrease19@github.com','887-946-7100')
,(47,'Snaptags','24 Meadow Valley Lane','dbettlestone1a@jugem.jp','538-408-7033')
,(48,'Oba','02 Hudson Way','kstruan1b@dmoz.org','127-973-8541')
,(49,'Yozio','794 Union Drive','mwalthall1c@unblog.fr','966-422-1527')
,(50,'Dynabox','782 Kingsford Parkway','cllewelyn1d@time.com','555-487-5541')
,(51,'Livepath','29044 6th Pass','ahellard1e@domainmarket.com','531-463-3509')
,(52,'Skipstorm','42885 Saint Paul Pass','mfenwick1f@sbwire.com','873-953-7250')
,(53,'Shufflebeat','3555 Duke Alley','apomphrett1g@paypal.com','748-113-5461')
,(54,'Trudoo','212 Arapahoe Avenue','dklossmann1h@lycos.com','760-821-3919')
,(55,'Kwinu','52 Jay Terrace','ljodlowski1i@unblog.fr','219-181-8774')
,(56,'Skibox','095 Golf Course Point','mhenkmann1j@army.mil','749-911-4755')
,(57,'Nlounge','98592 Stang Point','jnormansell1k@cnet.com','436-443-4757')
,(58,'Thoughtstorm','39982 Loftsgordon Lane','jphilippon1l@nasa.gov','195-367-5739')
,(59,'Photobug','41216 Parkside Center','bgoathrop1m@gov.uk','953-641-6102')
,(60,'Bluezoom','91303 Continental Parkway','ejorn1n@salon.com','111-597-3536');

INSERT INTO Stores(StoreID,Name,Address,Manager,PhoneNumber,Email) VALUES
(1,'Eamia','04316 Transport Pass','Ellswerth Castles','405-300-9654','ecastles0@wunderground.com')
,(2,'Kwilith','71 Londonderry Lane','Merwyn Cleverley','448-882-5285','mcleverley1@privacy.gov.au')
,(3,'Ooba','94629 Pennsylvania Alley','Isacco Bradberry','250-835-5007','ibradberry2@usa.gov')
,(4,'Riffpath','1 Leroy Pass','Kellie Vasilchenko','613-414-8212','kvasilchenko3@acquirethisname.com')
,(5,'Photobug','7 Lillian Court','Devlen Betjeman','839-730-3140','dbetjeman4@paypal.com')
,(6,'Linktype','323 Grover Trail','Nanete Glasscott','465-242-3671','nglasscott5@hc360.com')
,(7,'Reallinks','23 Warbler Lane','Gale Spriggin','132-430-7636','gspriggin6@noaa.gov')
,(8,'Youspan','426 Dorton Junction','Grace Joburn','980-623-7310','gjoburn7@odnoklassniki.ru')
,(9,'Dazzlesphere','0 Daystar Pass','Rab Batcock','719-363-9384','rbatcock8@ebay.co.uk')
,(10,'Fivespan','77317 Mayfield Street','Thatcher Grellier','343-592-1677','tgrellier9@admin.ch')
,(11,'Rhynoodle','52830 Shopko Avenue','Roderigo Huff','398-372-6907','rhuffa@ftc.gov')
,(12,'Wikido','76 Bartelt Way','Roselle Lisett','810-298-0898','rlisettb@angelfire.com')
,(13,'Skidoo','98 Mosinee Trail','Cordell Peerless','318-716-6542','cpeerlessc@mozilla.com')
,(14,'Flipstorm','8 Eastwood Hill','Erma Perillo','932-520-3270','eperillod@senate.gov')
,(15,'Photobug','811 8th Road','Maxi McGoogan','869-308-6136','mmcgoogane@biglobe.ne.jp')
,(16,'Oyope','7 Fieldstone Avenue','Henrieta Sute','530-770-5805','hsutef@huffingtonpost.com')
,(17,'Voonder','63895 Sunfield Plaza','Leonore Nitto','836-244-9365','lnittog@pinterest.com')
,(18,'Eayo','407 Manley Junction','Evelyn Cressingham','816-957-3461','ecressinghamh@meetup.com')
,(19,'Voonte','3 Reindahl Drive','Katie Libri','686-230-6481','klibrii@cnbc.com')
,(20,'Oyoloo','450 Dorton Plaza','Theodoric Yeomans','183-762-9849','tyeomansj@sourceforge.net')
,(21,'Skinte','775 Hudson Avenue','Orsola Bazely','222-926-8334','obazelyk@springer.com')
,(22,'Jaxbean','455 Scott Crossing','Lexine Fetherstan','988-603-5036','lfetherstanl@sourceforge.net')
,(23,'Oloo','08 Barby Parkway','Tynan Hurkett','206-268-7539','thurkettm@mac.com')
,(24,'Centimia','27 Sommers Lane','Myrtie Pikhno','151-475-3979','mpikhnon@apple.com')
,(25,'Devify','91005 Clove Lane','Brod Boate','110-789-1574','bboateo@behance.net')
,(26,'Wikibox','20 Hansons Center','Yancey Toupe','342-835-3135','ytoupep@hostgator.com')
,(27,'Zoonder','11202 Amoth Way','Essie McElwee','613-863-6136','emcelweeq@t.co')
,(28,'Wikizz','247 Nobel Junction','Inglebert Kinnard','844-394-2088','ikinnardr@wired.com')
,(29,'Ainyx','0947 Red Cloud Crossing','Joelly Coultas','671-628-8219','jcoultass@house.gov')
,(30,'Zoonder','532 Crownhardt Terrace','Pearl Yerson','975-618-0963','pyersont@stanford.edu')
,(31,'Eamia','5829 Reindahl Plaza','Ellene Crease','411-819-5363','ecreaseu@hugedomains.com')
,(32,'Skyvu','2 Kim Court','Christin Jerdein','747-868-3254','cjerdeinv@jiathis.com')
,(33,'Wikizz','7 Mcbride Road','Tobin See','913-461-1599','tseew@nature.com')
,(34,'Divanoodle','8 Tennyson Place','Marius Cadding','801-422-1134','mcaddingx@ameblo.jp')
,(35,'Meevee','048 Dwight Alley','Quintin Coverley','715-785-3705','qcoverleyy@gov.uk')
,(36,'Rhynyx','7 3rd Alley','Rutherford Stonall','819-631-2894','rstonallz@dagondesign.com')
,(37,'Devpoint','99602 Loeprich Park','Ludovico Lardnar','999-418-9758','llardnar10@amazon.de')
,(38,'Jatri','5846 Elka Park','Rochella Wearn','945-825-4835','rwearn11@myspace.com')
,(39,'Zoonoodle','4405 Mockingbird Trail','Thomasina Barthot','174-665-5814','tbarthot12@godaddy.com')
,(40,'Thoughtbridge','842 Havey Pass','Cary Towson','620-453-5424','ctowson13@unc.edu')
,(41,'Tambee','7237 Lyons Plaza','Margo Pantlin','346-468-3353','mpantlin14@cyberchimps.com')
,(42,'Gigaclub','9 Grasskamp Center','Dud Dinnage','992-310-7616','ddinnage15@bluehost.com')
,(43,'Feedmix','3 Dakota Junction','Ebba Bonhome','802-641-4656','ebonhome16@alibaba.com')
,(44,'Voonix','0 Sachs Drive','Alie Langdridge','514-318-9841','alangdridge17@ning.com')
,(45,'Linklinks','444 Nancy Drive','Leela Berrecloth','667-349-2616','lberrecloth18@cloudflare.com')
,(46,'Skilith','2 Thompson Road','Menard Stern','960-486-0030','mstern19@google.co.uk')
,(47,'Podcat','12268 Clove Circle','Bennie Bointon','550-594-3920','bbointon1a@stumbleupon.com')
,(48,'Oyoba','1839 Sullivan Crossing','Rica Lourenco','448-588-7242','rlourenco1b@latimes.com')
,(49,'Rhycero','5 Graceland Terrace','Abeu Ferrari','859-993-7041','aferrari1c@telegraph.co.uk')
,(50,'Meejo','22 Linden Street','Lucinda Berry','824-754-1464','lberry1d@com.com')
,(51,'Mudo','69103 Jay Park','Dominica Petrelli','889-663-5618','dpetrelli1e@va.gov')
,(52,'Photobug','555 Delladonna Place','Erik Edrich','761-680-2688','eedrich1f@histats.com')
,(53,'Bubblebox','09711 Muir Avenue','Juana Votier','682-127-9810','jvotier1g@businessinsider.com')
,(54,'Wikibox','48 Lillian Circle','Cob Rapson','360-406-7233','crapson1h@ca.gov')
,(55,'Gigazoom','85863 Grover Trail','Everett Adelman','476-710-2081','eadelman1i@google.com')
,(56,'Rhynoodle','7050 Transport Terrace','Craggie Yggo','117-993-1462','cyggo1j@paginegialle.it')
,(57,'Tekfly','3580 Vidon Point','Donni Stother','294-310-8014','dstother1k@wufoo.com')
,(58,'Roodel','6793 Mesta Avenue','Ives Boulstridge','961-788-7658','iboulstridge1l@surveymonkey.com')
,(59,'Wikivu','4580 Straubel Parkway','Cordie McQuarter','382-347-7034','cmcquarter1m@wikia.com')
,(60,'Linkbuzz','66587 Oneill Point','Marlena Srawley','148-797-3411','msrawley1n@marketwatch.com');
INSERT INTO RestockOrders(RestockOrderID,SupplierID,StoreID,ShippedDate,ReceivedDate) VALUES
(1, 1, 55, '2024-01-05', '2024-09-21'),
(2, 50, 60, '2023-08-11', '2024-10-03'),
(3, 31, 40, '2023-07-10', '2025-03-25'),
(4, 3, 1, '2024-01-11', '2024-06-09'),
(5, 33, 35, '2023-07-20', '2024-10-20'),
(6, 56, 51, '2023-10-01', '2024-10-31'),
(7, 12, 10, '2023-12-09', '2025-01-12'),
(8, 13, 14, '2023-08-16', '2024-10-11'),
(9, 35, 7, '2024-01-23', '2024-08-09'),
(10, 14, 45, '2023-09-06', '2024-05-21'),
(11, 28, 3, '2024-03-05', '2024-04-26'),
(12, 27, 48, '2024-03-23', '2024-06-18'),
(13, 42, 8, '2023-09-12', '2025-02-15'),
(14, 43, 47, '2023-10-07', '2024-10-26'),
(15, 27, 48, '2023-08-02', '2025-03-08'),
(16, 15, 12, '2023-09-29', '2024-09-20'),
(17, 20, 53, '2023-12-27', '2024-06-29'),
(18, 16, 37, '2023-10-30', '2024-08-27'),
(19, 12, 39, '2023-06-08', '2024-08-14'),
(20, 28, 33, '2024-01-15', '2025-04-18'),
(21, 18, 60, '2023-07-21', '2025-04-14'),
(22, 26, 38, '2024-03-22', '2024-11-18'),
(23, 22, 23, '2023-11-23', '2024-10-19'),
(24, 8, 43, '2023-09-07', '2025-04-20'),
(25, 32, 22, '2023-04-29', '2024-09-23'),
(26, 1, 43, '2023-05-13', '2024-10-13'),
(27, 2, 42, '2023-10-05', '2025-03-28'),
(28, 7, 9, '2023-06-16', '2024-08-27'),
(29, 30, 33, '2023-09-09', '2025-01-26'),
(30, 31, 55, '2023-10-24', '2024-11-10'),
(31, 45, 6, '2024-02-21', '2024-09-23'),
(32, 13, 30, '2023-05-05', '2025-01-16'),
(33, 23, 16, '2023-04-30', '2024-09-24'),
(34, 40, 23, '2023-08-10', '2024-11-05'),
(35, 57, 29, '2024-02-21', '2024-09-02'),
(36, 29, 27, '2023-07-17', '2024-06-16'),
(37, 43, 53, '2024-03-02', '2025-02-09'),
(38, 26, 24, '2023-05-08', '2024-11-17'),
(39, 50, 20, '2023-07-15', '2025-04-20'),
(40, 2, 45, '2023-08-28', '2024-09-25'),
(41, 11, 41, '2024-03-25', '2024-09-08'),
(42, 27, 47, '2023-07-09', '2024-12-31'),
(43, 45, 5, '2023-09-30', '2024-10-30'),
(44, 16, 58, '2023-06-28', '2024-11-20'),
(45, 32, 6, '2023-11-23', '2024-06-27'),
(46, 22, 37, '2024-01-14', '2025-02-21'),
(47, 24, 29, '2023-06-02', '2024-12-20'),
(48, 39, 7, '2023-04-21', '2024-10-03'),
(49, 27, 37, '2023-11-03', '2024-09-03'),
(50, 38, 44, '2023-11-20', '2025-03-24'),
(51, 46, 23, '2023-09-13', '2024-08-11'),
(52, 48, 11, '2024-03-26', '2024-08-08'),
(53, 47, 56, '2023-10-12', '2025-04-13'),
(54, 18, 55, '2023-08-14', '2024-10-16'),
(55, 21, 47, '2024-01-21', '2024-07-28'),
(56, 55, 7, '2024-04-16', '2024-05-17'),
(57, 8, 25, '2024-02-28', '2025-04-20'),
(58, 22, 53, '2023-12-28', '2024-11-25'),
(59, 33, 46, '2023-07-29', '2024-10-02'),
(60, 24, 29, '2024-01-27', '2024-07-23'),
(61, 30, 25, '2024-01-14', '2024-11-06'),
(62, 24, 55, '2023-07-27', '2025-01-17'),
(63, 55, 2, '2023-06-14', '2025-04-04'),
(64, 22, 58, '2023-08-09', '2025-03-03'),
(65, 41, 16, '2023-11-09', '2024-08-22'),
(66, 19, 6, '2023-05-03', '2024-07-29'),
(67, 27, 38, '2023-06-20', '2024-05-14'),
(68, 18, 18, '2023-11-25', '2024-09-26'),
(69, 20, 23, '2024-01-31', '2025-03-07'),
(70, 3, 40, '2024-04-16', '2025-04-10'),
(71, 11, 31, '2024-01-12', '2024-09-11'),
(72, 53, 27, '2023-09-13', '2024-12-11'),
(73, 23, 17, '2023-10-24', '2024-09-29'),
(74, 12, 24, '2023-08-10', '2025-01-06'),
(75, 27, 59, '2024-01-06', '2024-12-12'),
(76, 2, 6, '2023-05-27', '2025-02-27'),
(77, 45, 7, '2023-07-31', '2024-06-05'),
(78, 38, 19, '2023-09-26', '2024-12-15'),
(79, 8, 3, '2024-04-03', '2025-02-21'),
(80, 48, 53, '2023-05-04', '2024-07-10'),
(81, 9, 1, '2023-05-31', '2024-06-23'),
(82, 39, 13, '2024-01-28', '2025-02-17'),
(83, 25, 11, '2023-06-08', '2024-12-15'),
(84, 56, 57, '2023-11-22', '2025-04-20'),
(85, 59, 36, '2024-03-05', '2025-01-26'),
(86, 54, 20, '2024-03-13', '2025-04-07'),
(87, 10, 9, '2023-08-23', '2024-12-05'),
(88, 53, 14, '2023-05-07', '2024-09-24'),
(89, 50, 49, '2024-02-28', '2025-03-07'),
(90, 2, 41, '2023-09-27', '2024-12-02'),
(91, 57, 12, '2024-03-31', '2025-03-23'),
(92, 40, 60, '2023-07-16', '2025-04-18'),
(93, 30, 40, '2023-06-11', '2024-12-25'),
(94, 20, 2, '2023-07-04', '2025-02-25'),
(95, 3, 59, '2023-10-25', '2024-10-15'),
(96, 32, 31, '2023-11-17', '2024-06-16'),
(97, 3, 23, '2023-06-28', '2024-10-10'),
(98, 27, 55, '2023-07-19', '2025-02-27'),
(99, 35, 60, '2024-02-22', '2025-03-02'),
(100, 59, 24, '2024-04-10', '2025-04-07'),
(101, 6, 29, '2023-08-30', '2024-07-30'),
(102, 5, 46, '2023-05-09', '2024-11-06'),
(103, 54, 22, '2024-02-29', '2024-06-30'),
(104, 23, 17, '2024-02-26', '2024-11-06'),
(105, 9, 9, '2024-03-27', '2025-03-02'),
(106, 17, 18, '2023-08-30', '2025-02-13'),
(107, 11, 44, '2023-12-17', '2025-03-04'),
(108, 21, 4, '2023-11-13', '2024-06-30'),
(109, 20, 12, '2024-04-07', '2024-05-18'),
(110, 44, 58, '2024-02-13', '2024-07-17'),
(111, 42, 50, '2023-07-28', '2024-08-21'),
(112, 2, 48, '2023-11-10', '2024-09-13'),
(113, 55, 11, '2023-10-10', '2025-01-10'),
(114, 34, 31, '2024-04-10', '2025-04-09'),
(115, 6, 38, '2024-04-04', '2024-05-31'),
(116, 43, 42, '2023-12-01', '2024-11-16'),
(117, 4, 28, '2023-12-11', '2024-06-17'),
(118, 56, 22, '2023-05-23', '2024-10-02'),
(119, 53, 1, '2024-04-10', '2024-08-18'),
(120, 59, 5, '2023-11-19', '2024-09-29'),
(121, 7, 29, '2023-10-25', '2025-03-21'),
(122, 58, 47, '2023-11-02', '2024-06-28'),
(123, 36, 5, '2024-01-02', '2024-08-04'),
(124, 50, 25, '2023-11-17', '2024-12-12'),
(125, 28, 12, '2024-04-13', '2024-09-01'),
(126, 46, 19, '2024-01-04', '2025-01-25'),
(127, 15, 60, '2024-02-23', '2024-09-17'),
(128, 5, 48, '2023-12-08', '2025-03-31'),
(129, 13, 17, '2024-04-17', '2024-05-12'),
(130, 60, 6, '2024-03-19', '2024-09-14'),
(131, 42, 26, '2024-03-03', '2024-10-15'),
(132, 8, 42, '2024-03-10', '2025-03-27'),
(133, 58, 26, '2024-03-09', '2025-03-31'),
(134, 12, 45, '2024-04-04', '2024-09-03'),
(135, 23, 50, '2023-10-28', '2024-12-12'),
(136, 19, 32, '2024-03-04', '2025-01-20'),
(137, 16, 21, '2023-10-15', '2024-08-31'),
(138, 25, 58, '2023-07-07', '2025-02-22'),
(139, 44, 20, '2023-07-15', '2025-03-29'),
(140, 41, 44, '2023-07-07', '2024-08-14'),
(141, 57, 18, '2024-03-20', '2024-05-22'),
(142, 34, 43, '2024-03-02', '2024-10-22'),
(143, 30, 48, '2024-03-19', '2025-04-08'),
(144, 51, 6, '2023-11-14', '2024-06-15'),
(145, 59, 29, '2023-05-16', '2024-10-26'),
(146, 16, 31, '2023-07-11', '2025-03-26'),
(147, 50, 45, '2023-09-07', '2025-04-02'),
(148, 26, 48, '2023-10-04', '2025-04-01'),
(149, 39, 52, '2023-09-10', '2025-04-07'),
(150, 46, 50, '2024-03-12', '2024-12-25'),
(151, 44, 8, '2023-10-05', '2024-08-20'),
(152, 13, 15, '2023-08-23', '2024-06-01'),
(153, 18, 4, '2023-12-28', '2024-12-03'),
(154, 36, 38, '2023-07-31', '2024-05-22'),
(155, 52, 9, '2023-10-13', '2025-03-18'),
(156, 48, 46, '2023-10-10', '2024-10-08'),
(157, 50, 49, '2024-02-18', '2024-07-25'),
(158, 11, 59, '2024-04-16', '2024-08-12'),
(159, 57, 54, '2024-04-09', '2025-03-18'),
(160, 7, 17, '2023-06-18', '2025-02-18'),
(161, 16, 9, '2023-05-13', '2025-01-07'),
(162, 46, 51, '2024-02-03', '2024-06-14'),
(163, 53, 55, '2023-11-07', '2024-06-26'),
(164, 22, 25, '2023-12-10', '2024-12-16'),
(165, 18, 5, '2023-10-15', '2024-08-13'),
(166, 38, 19, '2023-09-21', '2025-02-06'),
(167, 55, 12, '2024-04-05', '2024-06-25'),
(168, 25, 32, '2023-10-11', '2024-06-06'),
(169, 18, 6, '2024-01-31', '2025-02-14'),
(170, 7, 35, '2023-12-26', '2024-12-11'),
(171, 6, 15, '2024-03-16', '2024-06-14'),
(172, 31, 9, '2023-11-20', '2024-12-16'),
(173, 47, 36, '2024-03-07', '2024-06-11'),
(174, 22, 14, '2024-02-22', '2024-10-28'),
(175, 53, 42, '2023-07-15', '2025-04-18'),
(176, 25, 37, '2023-12-17', '2024-08-07'),
(177, 11, 58, '2023-09-15', '2024-05-08'),
(178, 35, 33, '2024-04-12', '2024-05-29'),
(179, 14, 19, '2023-05-01', '2024-07-25'),
(180, 16, 52, '2023-12-27', '2025-03-20'),
(181, 35, 23, '2024-04-16', '2024-12-07'),
(182, 23, 50, '2023-10-31', '2024-06-30'),
(183, 49, 35, '2023-06-10', '2024-11-08'),
(184, 30, 57, '2024-04-03', '2024-12-21'),
(185, 13, 29, '2023-07-05', '2025-03-21'),
(186, 6, 42, '2023-09-14', '2025-01-26'),
(187, 5, 39, '2023-08-09', '2024-11-11'),
(188, 10, 3, '2024-01-05', '2024-05-31'),
(189, 47, 45, '2024-02-25', '2024-04-21'),
(190, 37, 36, '2023-06-21', '2024-10-10'),
(191, 25, 30, '2023-11-30', '2024-10-18'),
(192, 20, 19, '2024-02-21', '2024-10-27'),
(193, 47, 25, '2024-04-17', '2024-07-19'),
(194, 16, 43, '2023-08-20', '2024-12-26'),
(195, 46, 24, '2024-03-16', '2025-02-15'),
(196, 38, 59, '2023-11-01', '2024-06-11'),
(197, 54, 44, '2023-04-22', '2024-11-20'),
(198, 12, 22, '2024-03-20', '2024-06-29'),
(199, 59, 23, '2024-02-16', '2024-07-06'),
(200, 58, 46, '2023-06-22', '2025-04-15'),
(201, 15, 55, '2023-12-25', '2025-01-18'),
(202, 37, 15, '2023-09-20', '2024-10-29'),
(203, 27, 40, '2024-02-01', '2024-11-25'),
(204, 29, 21, '2024-03-20', '2024-04-30'),
(205, 32, 34, '2023-12-08', '2025-03-11'),
(206, 14, 40, '2023-09-01', '2024-05-09'),
(207, 40, 42, '2024-04-02', '2024-11-01'),
(208, 24, 14, '2023-11-11', '2024-12-22'),
(209, 13, 52, '2024-03-12', '2024-08-11'),
(210, 54, 26, '2023-06-25', '2024-11-23'),
(211, 44, 21, '2023-06-15', '2024-09-12'),
(212, 12, 32, '2024-02-23', '2025-01-04'),
(213, 42, 16, '2023-12-21', '2024-04-30'),
(214, 3, 18, '2024-01-19', '2024-07-25'),
(215, 28, 49, '2023-11-05', '2024-07-21'),
(216, 4, 31, '2023-05-12', '2024-11-05'),
(217, 3, 42, '2024-01-14', '2024-06-25'),
(218, 48, 45, '2023-05-02', '2024-09-17'),
(219, 1, 52, '2023-09-18', '2024-08-19'),
(220, 40, 6, '2023-12-31', '2025-02-18'),
(221, 46, 32, '2023-10-09', '2024-09-21'),
(222, 4, 50, '2023-11-09', '2024-07-03'),
(223, 59, 37, '2023-10-31', '2024-06-13'),
(224, 14, 43, '2023-05-12', '2025-04-07'),
(225, 49, 44, '2023-05-11', '2024-11-26'),
(226, 2, 19, '2023-06-14', '2025-04-06'),
(227, 41, 20, '2023-06-03', '2025-01-12'),
(228, 52, 33, '2023-06-24', '2024-09-03'),
(229, 20, 46, '2023-06-27', '2025-04-07'),
(230, 6, 31, '2023-05-31', '2025-01-03'),
(231, 57, 22, '2023-11-01', '2025-03-02'),
(232, 17, 51, '2024-01-05', '2025-01-15'),
(233, 43, 9, '2023-07-09', '2024-12-03'),
(234, 35, 21, '2023-12-28', '2024-09-15'),
(235, 49, 50, '2023-08-22', '2025-01-08'),
(236, 37, 7, '2023-10-24', '2025-02-24'),
(237, 10, 30, '2024-04-03', '2025-03-08'),
(238, 33, 26, '2024-01-22', '2024-09-11'),
(239, 18, 17, '2024-03-03', '2025-02-13'),
(240, 48, 1, '2023-08-21', '2025-02-04'),
(241, 13, 46, '2023-06-27', '2024-08-13'),
(242, 27, 47, '2024-04-09', '2024-12-13'),
(243, 53, 11, '2023-12-11', '2025-01-18'),
(244, 33, 31, '2024-03-23', '2024-11-15'),
(245, 31, 16, '2024-04-03', '2025-01-01'),
(246, 8, 58, '2023-08-20', '2024-11-27'),
(247, 57, 24, '2023-07-17', '2024-09-15'),
(248, 43, 49, '2023-12-22', '2025-04-20'),
(249, 21, 41, '2023-11-03', '2024-05-27'),
(250, 5, 60, '2024-01-07', '2024-12-02'),
(251, 4, 44, '2024-03-26', '2025-03-01'),
(252, 38, 19, '2023-08-01', '2025-02-05'),
(253, 44, 45, '2024-02-14', '2024-09-02'),
(254, 46, 40, '2023-12-23', '2025-04-09'),
(255, 59, 21, '2023-09-09', '2025-02-04'),
(256, 34, 29, '2024-03-15', '2025-04-08'),
(257, 45, 33, '2023-06-09', '2025-01-04'),
(258, 3, 42, '2023-10-28', '2025-04-20'),
(259, 35, 31, '2023-12-04', '2024-11-25'),
(260, 4, 12, '2023-06-23', '2024-09-11'),
(261, 22, 52, '2023-10-29', '2024-12-10'),
(262, 15, 7, '2024-03-22', '2024-05-18'),
(263, 42, 20, '2023-10-10', '2024-07-31'),
(264, 36, 22, '2023-05-04', '2024-10-29'),
(265, 60, 14, '2023-08-03', '2024-07-06'),
(266, 22, 28, '2023-04-26', '2024-09-11'),
(267, 5, 57, '2023-05-13', '2024-08-12'),
(268, 23, 16, '2023-06-29', '2024-10-02'),
(269, 35, 53, '2023-05-17', '2024-06-01'),
(270, 17, 15, '2023-06-18', '2024-11-13'),
(271, 43, 47, '2023-10-05', '2024-07-23'),
(272, 37, 60, '2023-07-08', '2024-07-27'),
(273, 36, 3, '2023-04-25', '2025-03-24'),
(274, 2, 48, '2023-04-29', '2025-01-03'),
(275, 29, 6, '2023-11-14', '2024-12-26'),
(276, 57, 49, '2023-09-12', '2025-04-18'),
(277, 26, 19, '2023-11-15', '2024-11-23'),
(278, 16, 60, '2023-08-10', '2024-07-06'),
(279, 54, 57, '2023-09-14', '2024-07-18'),
(280, 41, 15, '2024-02-21', '2024-10-12'),
(281, 47, 40, '2024-02-20', '2024-10-10'),
(282, 1, 30, '2023-10-27', '2024-11-01'),
(283, 14, 22, '2023-06-11', '2025-03-05'),
(284, 32, 23, '2023-12-20', '2025-03-29'),
(285, 58, 28, '2024-01-27', '2024-11-21'),
(286, 27, 45, '2023-06-08', '2024-09-11'),
(287, 13, 25, '2023-04-25', '2025-03-26'),
(288, 9, 48, '2024-01-14', '2024-11-13'),
(289, 21, 10, '2023-10-30', '2025-04-01'),
(290, 2, 50, '2023-12-10', '2025-02-15'),
(291, 23, 58, '2023-11-16', '2024-10-02'),
(292, 14, 55, '2023-07-04', '2024-05-20'),
(293, 48, 6, '2023-09-05', '2024-11-22'),
(294, 17, 27, '2023-09-01', '2025-03-04'),
(295, 19, 33, '2023-09-12', '2024-11-29'),
(296, 18, 9, '2023-09-14', '2025-02-15'),
(297, 11, 51, '2023-09-22', '2025-02-07'),
(298, 49, 34, '2023-04-25', '2024-10-31'),
(299, 51, 60, '2023-08-07', '2025-01-17'),
(300, 3, 1, '2023-11-10', '2024-08-27');
INSERT INTO RestockOrderItems(RestockOrderID,ProductID,Quantity) VALUES
(24,37,612)
,(137,21,836)
,(115,34,411)
,(198,59,393)
,(116,12,369)
,(253,49,121)
,(100,57,223)
,(132,48,629)
,(178,14,664)
,(236,44,664)
,(103,46,327)
,(215,22,796)
,(149,23,343)
,(56,6,645)
,(59,41,603)
,(135,4,904)
,(58,2,771)
,(119,47,799)
,(234,7,348)
,(232,10,851)
,(191,26,567)
,(2,51,272)
,(128,54,137)
,(51,17,937)
,(298,3,423)
,(30,1,830)
,(181,19,861)
,(94,55,145)
,(272,43,108)
,(254,25,811)
,(185,20,963)
,(260,11,792)
,(121,57,527)
,(33,60,729)
,(218,22,130)
,(102,2,146)
,(296,10,729)
,(248,15,625)
,(26,14,750)
,(166,55,391)
,(254,34,261)
,(195,39,624)
,(27,37,585)
,(297,17,949)
,(230,54,143)
,(83,26,370)
,(131,32,149)
,(148,41,235)
,(196,4,184)
,(172,29,414)
,(11,9,441)
,(175,50,290)
,(104,33,497)
,(208,35,400)
,(216,18,458)
,(65,24,737)
,(220,21,141)
,(42,49,515)
,(214,53,873)
,(57,23,220)
,(149,58,515)
,(158,40,694)
,(298,58,966)
,(131,20,797)
,(38,60,750)
,(182,41,791)
,(198,29,129)
,(84,46,645)
,(242,49,724)
,(3,33,326)
,(240,35,177)
,(216,55,196)
,(80,32,380)
,(124,51,322)
,(49,53,330)
,(150,45,997)
,(180,12,476)
,(281,43,590)
,(69,30,800)
,(237,38,475)
,(178,34,201)
,(91,13,516)
,(270,37,466)
,(15,39,855)
,(260,8,966)
,(154,11,812)
,(39,3,467)
,(52,9,539)
,(133,6,637)
,(179,26,397)
,(26,56,511)
,(268,59,139)
,(113,56,399)
,(69,2,883)
,(197,10,347)
,(248,37,591)
,(10,28,424)
,(207,39,663)
,(55,20,943)
,(222,14,825)
,(266,19,660)
,(78,52,612)
,(100,12,190)
,(11,13,838)
,(173,55,685)
,(284,57,541)
,(212,53,319)
,(160,5,891)
,(206,7,517)
,(25,23,131)
,(295,17,871)
,(59,54,330)
,(96,43,619)
,(5,38,544)
,(246,36,396)
,(217,1,527)
,(72,18,664)
,(44,9,236)
,(294,15,468)
,(76,45,417)
,(52,44,102)
,(32,47,880)
,(102,22,882)
,(93,23,783)
,(7,53,418)
,(26,2,215)
,(137,39,674)
,(247,56,162)
,(195,4,153)
,(204,7,829)
,(167,40,648)
,(61,55,757)
,(46,46,696)
,(209,33,990)
,(5,44,332)
,(59,18,809)
,(9,16,361)
,(240,11,738)
,(14,30,168)
,(162,47,774)
,(278,60,654)
,(143,26,297)
,(286,10,176)
,(6,28,902)
,(3,49,214)
,(20,34,487)
,(208,12,782)
,(256,8,541)
,(223,21,189)
,(64,25,622)
,(65,52,350)
,(177,13,906)
,(139,23,845)
,(232,38,421)
,(245,9,615)
,(281,22,516)
,(290,1,557)
,(164,43,164)
,(122,37,155)
,(254,58,202)
,(150,33,924)
,(253,26,970)
,(184,36,933)
,(275,14,816)
,(87,51,346)
,(256,17,708)
,(149,11,710)
,(268,3,239)
,(171,48,213)
,(111,10,989)
,(57,56,747)
,(20,6,267)
,(98,32,849)
,(263,54,893)
,(227,42,537)
,(269,47,722)
,(69,44,320)
,(136,27,421)
,(241,55,283)
,(250,60,234)
,(9,21,453)
,(14,40,195)
,(1,49,709)
,(242,5,684)
,(141,53,187)
,(119,25,421)
,(228,3,229)
,(47,50,447)
,(193,36,279)
,(201,12,524)
,(103,16,401)
,(236,45,370)
,(274,15,793)
,(281,18,435)
,(104,9,253)
,(208,54,817)
,(41,20,957)
,(107,32,370)
,(266,40,485)
,(65,59,644)
,(13,52,395)
,(159,38,857)
,(285,10,165)
,(142,30,959)
,(197,31,367)
,(6,23,639)
,(111,48,926)
,(14,2,744)
,(156,58,713)
,(96,4,752)
,(175,57,579)
,(28,44,442)
,(44,58,412)
,(287,32,964)
,(84,26,124)
,(220,16,908)
,(171,18,269)
,(267,37,278)
,(293,35,722)
,(265,53,585)
,(185,46,985)
,(79,11,994)
,(158,5,372)
,(86,33,175)
,(260,50,828)
,(69,21,821)
,(100,1,649)
,(294,6,202)
,(239,38,124)
,(30,59,717)
,(176,52,836)
,(129,3,926)
,(268,45,493)
,(85,27,925)
,(211,57,622)
,(273,12,737)
,(28,15,614)
,(250,39,903)
,(178,55,693)
,(140,48,912)
,(275,28,438)
,(218,11,121)
,(213,13,326)
,(119,41,527)
,(75,5,637)
,(178,33,472)
,(86,16,424)
,(258,20,303)
,(284,46,855)
,(193,32,537)
,(181,45,783)
,(285,57,431)
,(232,42,869)
,(163,2,146)
,(55,37,387)
,(240,28,614)
,(212,30,659)
,(12,10,311)
,(217,43,814)
,(74,56,879)
,(95,18,422)
,(188,4,661)
,(60,24,687)
,(127,34,297)
,(237,29,924)
,(14,36,410)
,(265,59,297)
,(214,23,902)
,(225,44,751)
,(33,27,342)
,(226,38,807)
,(148,22,841)
,(61,37,316)
,(158,59,588)
,(18,24,823)
,(95,31,194)
,(114,46,272)
,(145,38,980)
,(15,1,101)
,(198,30,199)
,(16,19,896)
,(105,7,957)
,(233,47,433)
,(239,20,498)
,(182,28,581)
,(93,4,893)
,(24,54,775)
,(44,56,169)
,(152,16,926)
,(17,29,634)
,(244,57,465)
,(215,3,631)
,(69,34,791)
,(47,53,396)
,(77,49,789)
,(206,50,668)
,(45,15,476)
,(227,26,382)
,(156,33,195)
,(157,13,162)
,(289,59,932)
,(71,46,445)
,(214,4,555)
,(299,5,280)
,(14,13,637)
,(22,55,541)
,(54,2,956)
,(219,3,331)
,(90,17,647)
,(35,22,590)
,(25,37,801)
,(112,52,326)
,(240,41,615)
,(28,33,906)
,(191,31,611)
,(287,48,634)
,(248,6,927)
,(103,54,244)
,(239,40,737)
,(154,25,502)
,(17,19,598)
,(31,11,618)
,(38,38,198)
,(296,53,110)
,(43,45,426)
,(236,12,678)
,(164,9,716)
,(244,8,194)
,(158,28,305)
,(94,57,186)
,(59,14,480)
,(59,22,450)
,(4,28,881)
,(38,54,661)
,(132,20,223)
,(50,48,897)
,(17,52,388)
,(243,33,354)
,(184,51,392)
,(198,49,716)
,(224,10,938)
,(90,32,115)
,(152,58,481)
,(208,40,644)
,(13,25,360)
,(22,42,808)
,(215,26,693)
,(186,60,721)
,(258,37,362)
,(124,38,359)
,(165,43,626)
,(180,14,920)
,(173,11,906)
,(144,24,143)
,(203,3,211)
,(160,39,620)
,(190,12,396)
,(86,6,408)
,(156,1,519)
,(228,59,579)
,(234,4,452)
,(113,54,241)
,(45,28,378)
,(56,58,393)
,(194,18,339)
,(154,44,631)
,(202,43,773)
,(245,22,382)
,(97,36,479)
,(299,4,606)
,(294,33,872)
,(211,38,467)
,(4,57,684)
,(38,19,254)
,(176,41,734)
,(233,26,812)
,(68,27,389)
,(25,52,508)
,(275,24,710)
,(37,8,204)
,(70,12,990)
,(32,31,153)
,(31,16,875)
,(10,3,712)
,(241,21,467)
,(28,49,389)
,(145,48,961)
,(84,55,575)
,(169,59,321)
,(298,37,447)
,(42,35,748)
,(256,29,807)
,(120,10,631)
,(88,49,858)
,(37,32,769)
,(4,15,289)
,(168,60,273)
,(16,51,204)
,(185,24,188)
,(163,25,110)
,(202,3,566)
,(167,11,287)
,(43,12,387)
,(85,30,572)
,(104,2,725)
,(198,55,515)
,(138,40,519)
,(181,48,905)
,(160,59,825)
,(169,41,809)
,(241,19,101)
,(121,47,155)
,(81,29,614)
,(153,58,588)
,(183,7,984)
,(62,4,438)
,(213,5,270)
,(33,26,677)
,(199,36,530)
,(70,16,352)
,(264,33,883)
,(145,56,672)
,(188,44,174)
,(169,56,233)
,(95,29,166)
,(256,50,623)
,(114,31,364)
,(241,44,285)
,(200,32,239)
,(57,1,581)
,(156,51,799)
,(18,6,646)
,(270,39,305)
,(79,22,158)
,(182,5,314)
,(121,25,165)
,(86,38,719)
,(10,43,127)
,(161,59,143)
,(247,18,440)
,(25,26,564)
,(252,57,639)
,(111,54,860)
,(145,14,753)
,(30,36,586)
,(243,37,937)
,(105,16,886)
,(244,10,849)
,(122,33,376)
,(118,53,871)
,(88,13,907)
,(92,28,438)
,(62,52,281)
,(12,30,370)
,(245,41,375)
,(169,15,280)
,(47,38,502)
,(69,17,421)
,(291,1,915)
,(118,5,684)
,(147,22,204)
,(115,7,711)
,(13,32,651)
,(54,47,226)
,(73,37,525)
,(254,59,325)
,(230,36,336)
,(82,21,621)
,(282,55,228)
,(101,53,754)
,(3,3,330)
,(23,56,648)
,(129,8,578)
,(140,16,472)
,(243,42,403)
,(293,19,443)
,(32,10,140)
,(92,13,362)
,(144,31,618)
,(41,51,152)
,(64,58,205)
,(154,60,243)
,(97,3,421)
,(131,52,832)
,(256,11,177)
,(157,4,213)
,(22,7,617)
,(263,41,461)
,(216,31,539)
,(170,1,683)
,(206,37,635)
,(188,16,528)
,(14,21,635)
,(272,50,517)
,(164,45,777)
,(153,9,852)
,(251,46,240)
,(167,14,187)
,(229,35,154)
,(168,36,479)
,(36,5,125)
,(276,43,888)
,(194,30,863)
,(287,34,717)
,(109,19,935)
,(154,27,436)
,(285,49,866)
,(275,42,617)
,(18,56,693)
,(238,39,122)
,(249,55,797)
,(162,33,799)
,(173,12,196)
,(68,2,935)
,(76,36,261)
,(166,16,321)
,(125,27,815)
,(230,56,676)
,(138,1,824)
,(167,39,461)
,(189,31,290)
,(153,49,552)
,(82,55,576)
,(268,7,335)
,(200,6,878)
,(67,44,911)
,(212,8,629)
,(215,53,417)
,(159,33,660)
,(105,25,237)
,(175,32,912)
,(264,22,157)
,(225,50,349)
,(5,13,120)
,(180,29,839)
,(171,40,557)
,(278,48,433)
,(188,24,639)
,(249,60,799)
,(300,30,957)
,(54,37,284)
,(283,38,303)
,(203,18,253)
,(228,17,289)
,(287,16,109)
,(151,10,484)
,(133,24,373)
,(182,56,732)
,(178,44,291)
,(231,35,708)
,(184,18,332)
,(235,14,829)
,(85,31,397)
,(86,46,424)
,(216,26,391)
,(224,7,562)
,(227,51,338)
,(195,2,810)
,(203,1,857)
,(87,15,262)
,(289,12,234)
,(211,28,794)
,(208,48,743)
,(175,29,584)
,(53,55,788)
,(1,23,521)
,(220,40,852)
,(238,52,430)
,(237,45,281)
,(247,32,150)
,(60,38,527)
,(279,8,368)
,(54,3,385)
,(292,39,212)
,(282,49,974)
,(198,50,960)
,(296,4,870)
,(220,33,503)
,(25,45,766)
,(21,5,304)
,(45,29,181)
,(76,52,163)
,(177,53,991)
,(29,1,715)
,(214,26,582)
,(294,27,211)
,(199,24,920)
,(291,30,454)
,(289,32,808)
,(299,47,755)
,(118,17,891)
,(227,15,542)
,(277,11,477)
,(2,25,204)
,(44,59,521)
,(272,48,639)
,(156,39,330)
,(6,10,388)
,(244,51,766)
,(250,57,216)
,(160,60,644)
,(34,40,415)
,(129,37,600)
,(175,8,268)
,(215,19,490)
,(120,2,291)
,(79,14,895)
,(132,3,643)
,(59,39,250)
,(182,21,116)
,(185,4,221)
,(28,37,571)
,(42,46,153)
,(195,56,149)
,(110,11,365)
,(203,6,423)
,(296,58,790)
,(99,18,250)
,(179,31,905)
,(218,43,128)
,(52,1,748)
,(172,16,121)
,(263,50,365)
,(114,26,852)
,(231,38,989)
,(221,35,701)
,(130,25,985)
,(229,36,940)
,(138,29,695)
,(10,33,829)
,(104,41,949)
,(43,53,629)
,(29,55,881)
,(84,20,779)
,(90,60,442)
,(271,19,265)
,(297,19,527)
,(287,31,456)
,(67,6,786)
,(39,56,827)
,(248,12,685)
,(254,44,792)
,(198,10,344)
,(281,50,152)
,(172,43,359)
,(24,47,494)
,(298,24,444)
,(243,29,585)
,(199,2,421)
,(251,34,987)
,(125,25,164)
,(139,59,977)
,(245,42,296)
,(37,30,462)
,(219,53,496)
,(279,14,277)
,(3,20,833)
,(124,11,390)
,(214,3,579)
,(84,21,324)
,(154,48,120)
,(231,37,627)
,(223,8,969)
,(294,4,955)
,(83,15,653)
,(166,39,503)
,(223,47,622)
,(172,42,713)
,(288,22,369)
,(141,21,390)
,(1,20,876)
,(157,54,255)
,(278,36,797)
,(37,44,975)
,(63,10,388)
,(128,6,875)
,(185,60,375)
,(45,33,303)
,(257,56,970)
,(249,19,561)
,(137,48,510)
,(81,34,417)
,(140,3,268)
,(254,18,590)
,(50,35,624)
,(273,46,679)
,(216,16,757)
,(182,55,422)
,(215,52,697)
,(51,8,688)
,(94,17,435)
,(246,2,669)
,(100,9,734)
,(7,1,364)
,(79,39,800)
,(87,38,555)
,(299,17,405)
,(128,52,108)
,(79,32,616)
,(250,54,182)
,(213,58,902)
,(205,57,780)
,(209,49,422)
,(241,7,197)
,(149,25,830)
,(183,3,150)
,(12,44,508)
,(26,29,477)
,(39,34,463)
,(243,2,981)
,(75,48,821)
,(192,33,482)
,(148,14,568)
,(145,47,546)
,(195,55,942)
,(6,8,345)
,(246,31,288)
,(68,9,597)
,(242,60,522)
,(48,23,790)
,(235,40,613)
,(116,39,238)
,(298,59,653)
,(144,36,477)
,(59,20,155)
,(185,19,724)
,(234,22,350)
,(299,42,418)
,(103,21,791)
,(116,10,748)
,(38,25,290)
,(223,38,733)
,(127,58,864)
,(270,6,373)
,(112,14,961)
,(43,28,834)
,(62,36,828)
,(92,30,272)
,(63,34,558)
,(27,53,185)
,(187,46,759)
,(208,49,769)
,(14,19,448)
,(245,55,895)
,(202,60,359)
,(252,31,905)
,(110,43,685)
,(234,24,423)
,(113,50,723)
,(79,41,141)
,(251,12,164)
,(165,35,384)
,(45,52,261)
,(46,40,663)
,(157,27,574)
,(30,48,444)
,(104,32,304)
,(33,5,704)
,(168,37,399)
,(239,23,659)
,(27,56,424)
,(229,43,915)
,(246,55,731)
,(142,60,922)
,(49,7,523)
,(164,21,520)
,(266,39,190)
,(178,50,753)
,(192,31,118)
,(206,49,340)
,(255,25,641)
,(260,9,241)
,(169,27,632)
,(78,51,580)
,(220,29,304)
,(18,38,800)
,(43,24,802)
,(155,4,944)
,(287,52,791)
,(293,30,741)
,(24,57,908)
,(184,8,912)
,(249,33,737)
,(259,58,643)
,(63,28,744)
,(127,41,724)
,(91,45,303)
,(79,42,802)
,(166,4,493)
,(219,7,869)
,(59,44,196)
,(132,47,742)
,(245,19,463)
,(32,27,509)
,(199,59,729)
,(222,40,335)
,(276,24,224)
,(21,14,536)
,(4,1,416)
,(93,26,920)
,(200,18,588)
,(83,10,623)
,(171,15,972)
,(137,3,666)
,(232,58,901)
,(214,9,116)
,(63,8,749)
,(25,11,184)
,(61,36,253)
,(55,13,588)
,(22,20,256)
,(72,54,391)
,(283,34,109)
,(297,39,593)
,(11,43,800)
,(249,31,908)
,(80,2,672)
,(111,38,987)
,(150,42,478)
,(63,53,802)
,(262,26,1000)
,(136,8,442)
,(158,17,646)
,(83,1,246)
,(244,20,176)
,(74,5,711)
,(42,23,847)
,(70,14,806)
,(79,7,681)
,(3,60,184)
,(144,42,965)
,(273,15,563)
,(228,22,183)
,(17,38,283)
,(165,32,910)
,(207,28,511)
,(221,9,764)
,(126,6,439)
,(234,54,198)
,(35,16,200)
,(190,52,501)
,(31,43,585)
,(200,29,320)
,(277,35,896)
,(178,45,339)
,(229,39,691)
,(197,55,233)
,(262,34,257)
,(197,8,711)
,(261,30,930)
,(19,22,168)
,(277,42,100)
,(65,12,664)
,(241,18,644)
,(25,53,467)
,(213,38,132)
,(240,32,374)
,(278,14,829)
,(288,55,457)
,(26,43,304)
,(140,50,995)
,(258,36,581)
,(293,27,820)
,(118,9,367)
,(263,19,398)
,(12,11,889)
,(90,54,115)
,(158,7,283)
,(175,21,751)
,(102,49,473)
,(89,37,581)
,(123,29,622)
,(91,33,167)
,(111,59,682)
,(32,37,235)
,(145,31,229)
,(230,53,203)
,(254,19,733)
,(33,34,988)
,(247,40,688)
,(156,10,923)
,(208,43,532)
,(169,20,756)
,(183,21,888)
,(151,2,867)
,(210,42,445)
,(167,50,612)
,(14,35,384)
,(174,11,846)
,(173,60,381)
,(5,22,261)
,(209,5,140)
,(25,30,289)
,(26,44,192)
,(267,24,492)
,(36,15,820)
,(152,48,685)
,(31,29,917)
,(264,4,237)
,(68,38,607)
,(277,54,426)
,(28,23,312)
,(15,48,867)
,(132,33,482)
,(285,19,185)
,(112,15,389)
,(27,38,525)
,(66,32,566)
,(260,4,929)
,(38,37,639)
,(119,51,430)
,(24,26,436)
,(50,49,816)
,(214,47,838)
,(243,3,378)
,(202,42,762)
,(248,56,580)
,(233,16,632)
,(87,46,131)
,(211,54,489)
,(164,12,724)
,(158,36,507)
,(249,50,951)
,(22,11,475)
,(77,43,841)
,(109,44,448)
,(180,34,527)
,(83,58,852)
,(197,28,592)
,(125,14,880)
,(188,60,797)
,(40,6,781)
,(68,12,421)
,(242,37,553)
,(2,44,951)
,(249,51,371)
,(115,42,587)
,(241,29,445)
,(31,1,507)
,(48,49,424)
,(161,16,570)
,(136,45,149)
,(122,38,431)
,(137,6,177)
,(99,57,179)
,(270,28,402)
,(169,48,774)
,(104,26,124)
,(159,10,160)
,(33,40,206)
,(265,41,298)
,(240,31,760)
,(94,14,902)
,(37,39,356)
,(232,50,591)
,(24,58,229)
,(56,7,740)
,(283,15,734)
,(59,8,621)
,(246,56,945)
,(60,27,221)
,(230,46,718)
,(133,32,615)
,(11,54,474)
,(202,19,688)
,(231,24,157)
,(89,18,957)
,(217,59,580);
INSERT INTO StoreItems(StoreID,ProductID,CurrentStock,MinStock,InSeason) VALUES
(30,60,497,29,0)
,(5,10,773,35,1)
,(42,45,57,13,0)
,(59,19,262,40,0)
,(45,32,171,33,0)
,(2,56,155,27,1)
,(57,3,294,35,0)
,(38,42,756,15,1)
,(14,28,523,36,0)
,(4,8,184,13,0)
,(39,43,822,12,0)
,(58,12,926,32,0)
,(52,18,335,40,0)
,(43,40,302,12,0)
,(56,57,804,31,1)
,(53,23,850,12,1)
,(48,53,845,12,1)
,(46,27,741,16,0)
,(11,24,813,33,1)
,(7,1,861,37,1)
,(31,55,982,38,1)
,(25,44,697,37,1)
,(51,50,428,30,1)
,(16,26,239,18,0)
,(29,11,361,18,1)
,(22,16,100,34,0)
,(28,34,52,36,0)
,(60,59,608,32,1)
,(13,25,124,23,0)
,(21,46,105,11,1)
,(6,30,272,33,1)
,(32,59,842,26,1)
,(5,60,867,14,1)
,(48,36,887,16,1)
,(2,29,862,39,1)
,(8,3,332,14,0)
,(35,47,228,35,0)
,(54,17,414,29,1)
,(4,41,280,28,1)
,(49,58,684,23,1)
,(33,8,750,36,1)
,(24,30,857,27,0)
,(38,26,84,23,0)
,(40,40,146,30,0)
,(11,24,955,12,1)
,(9,43,314,23,0)
,(1,44,369,30,0)
,(19,15,984,20,1)
,(18,32,688,39,1)
,(58,22,861,29,0)
,(39,55,428,14,1)
,(43,12,463,34,0)
,(55,49,156,25,0)
,(34,54,492,29,1)
,(28,35,565,21,1)
,(31,11,366,39,0)
,(51,21,87,14,0)
,(46,53,596,23,1)
,(13,16,931,32,1)
,(42,33,591,16,1)
,(57,4,618,23,0)
,(3,23,345,23,0)
,(47,22,59,28,1)
,(52,42,926,36,0)
,(55,6,801,13,1)
,(56,52,629,31,0)
,(35,35,414,28,0)
,(58,58,643,28,0)
,(45,31,691,35,1)
,(9,27,759,37,0)
,(43,37,778,26,0)
,(16,30,71,19,1)
,(15,46,96,23,0)
,(25,14,932,39,1)
,(41,56,946,18,0)
,(24,15,593,29,1)
,(37,24,946,39,0)
,(46,60,351,14,0)
,(34,47,794,17,1)
,(18,3,352,30,1)
,(10,39,891,13,0)
,(31,19,821,37,0)
,(12,40,274,15,0)
,(40,55,687,20,1)
,(7,21,433,38,1)
,(14,45,421,39,1)
,(59,7,444,26,1)
,(38,23,617,22,0)
,(29,49,748,37,1)
,(44,33,79,26,0)
,(53,36,142,39,1)
,(48,5,351,37,0)
,(26,48,574,37,1)
,(15,5,219,40,1)
,(28,33,971,35,1)
,(14,50,973,10,0)
,(4,48,433,22,1)
,(3,58,336,29,1)
,(17,43,569,38,1)
,(36,59,160,28,0)
,(10,22,657,12,0)
,(12,36,241,11,1)
,(46,37,71,10,1)
,(19,18,673,10,0)
,(13,29,351,21,1)
,(22,55,391,33,1)
,(16,17,931,37,1)
,(25,34,537,23,1)
,(7,54,724,23,0)
,(45,60,148,34,0)
,(1,44,641,11,1)
,(5,21,571,34,0)
,(58,14,830,37,1)
,(51,23,891,14,0)
,(30,38,185,38,1)
,(43,2,977,29,0)
,(31,52,163,35,1)
,(60,47,441,16,1)
,(9,16,531,36,1)
,(27,7,110,10,1)
,(8,25,578,22,1)
,(32,53,193,14,0)
,(52,45,138,35,0)
,(20,41,807,37,1)
,(54,10,324,13,0)
,(16,58,888,37,1)
,(55,43,770,29,1)
,(53,48,979,27,1)
,(19,54,171,19,0)
,(28,7,634,39,1)
,(13,47,108,27,0)
,(26,38,449,13,0)
,(18,21,786,10,0)
,(5,49,65,30,0)
,(59,3,948,23,0)
,(57,14,218,18,0)
,(31,8,873,16,0)
,(49,28,423,28,0)
,(48,35,805,33,0)
,(34,39,544,15,1)
,(17,52,333,19,1)
,(44,30,521,11,0)
,(2,16,531,14,0)
,(6,1,409,32,0)
,(10,29,852,21,0)
,(40,50,696,27,1)
,(7,56,563,26,1)
,(25,51,147,10,1)
,(47,9,424,33,0)
,(33,36,135,13,0)
,(20,24,595,37,1)
,(1,27,965,10,1)
,(50,15,396,21,0)
,(37,25,382,23,1)
,(12,42,993,22,0)
,(57,38,687,12,1)
,(49,10,212,32,1)
,(56,15,667,17,1)
,(41,41,637,10,0)
,(47,55,677,22,1)
,(15,21,733,37,1)
,(14,60,692,16,0)
,(44,42,767,27,0)
,(19,7,949,30,0)
,(60,54,704,24,0)
,(26,33,951,16,0)
,(53,3,754,23,1)
,(48,47,554,25,1)
,(59,1,933,18,1)
,(37,32,378,12,1)
,(52,22,537,34,0)
,(55,53,44,22,1)
,(17,8,101,29,0)
,(27,35,267,37,1)
,(23,18,348,38,1)
,(34,59,831,38,1)
,(10,45,456,15,0)
,(32,51,474,20,1)
,(13,11,197,22,0)
,(25,50,193,12,0)
,(24,30,966,32,0)
,(21,16,729,37,0)
,(39,14,778,25,0)
,(42,52,753,15,1)
,(7,46,43,26,0)
,(2,6,813,14,0)
,(16,23,487,23,0)
,(42,20,156,15,0)
,(15,29,599,31,1)
,(19,55,869,25,0)
,(6,45,542,29,1)
,(1,12,353,28,0)
,(31,34,530,27,0)
,(41,57,875,36,1)
,(14,43,533,27,1)
,(60,54,682,23,1)
,(4,30,977,21,0)
,(40,40,983,31,0)
,(28,26,958,30,0)
,(47,60,330,29,0)
,(34,19,141,21,0)
,(2,36,741,24,0)
,(12,48,426,22,0)
,(59,59,927,30,0)
,(54,50,199,15,0)
,(48,31,923,32,0)
,(30,7,251,30,0)
,(29,6,919,20,0)
,(52,52,703,34,0)
,(23,10,92,38,1)
,(27,49,749,12,0)
,(35,21,386,17,0)
,(24,37,173,18,0)
,(49,17,134,20,1)
,(46,22,529,39,0)
,(11,56,870,40,0)
,(53,47,266,19,0)
,(4,32,47,10,1)
,(16,27,479,24,1)
,(50,49,716,32,0)
,(5,50,734,38,0)
,(37,58,968,13,0)
,(3,4,311,15,1)
,(46,53,769,13,0)
,(11,23,496,38,1)
,(13,5,892,31,1)
,(41,22,533,25,0)
,(38,48,478,34,1)
,(8,20,349,22,1)
,(2,24,844,31,1)
,(51,45,123,38,1)
,(58,28,436,14,0)
,(14,55,227,31,0)
,(19,52,749,13,0)
,(47,37,296,19,1)
,(29,35,840,10,1)
,(30,31,145,14,1)
,(35,51,92,10,1)
,(45,26,966,32,0)
,(27,10,564,28,0)
,(32,16,637,22,1)
,(26,13,503,25,1)
,(53,2,101,11,1)
,(15,42,152,12,1)
,(24,44,430,34,0)
,(33,14,308,13,0)
,(17,46,881,25,0)
,(60,39,127,24,1)
,(15,46,372,40,0)
,(23,8,381,19,0)
,(57,44,751,33,1)
,(3,35,851,28,1)
,(53,36,632,21,0)
,(14,9,781,17,0)
,(33,15,405,19,0)
,(9,54,341,24,1)
,(8,25,957,33,1)
,(48,21,760,25,0)
,(42,28,586,25,0)
,(26,26,540,13,0)
,(2,30,454,18,1)
,(35,10,911,37,0)
,(54,53,695,20,1)
,(6,11,812,21,0)
,(31,56,812,10,0)
,(16,5,107,34,1)
,(10,42,965,30,1)
,(50,57,117,25,1)
,(55,29,613,20,0)
,(19,6,994,37,1)
,(56,43,823,12,0)
,(29,24,605,26,1)
,(28,32,895,31,1)
,(32,33,650,11,1)
,(43,23,506,18,1)
,(52,50,671,17,1)
,(34,19,800,20,0)
,(21,45,410,38,0)
,(20,58,476,10,1)
,(24,36,322,22,0)
,(60,31,565,33,1)
,(42,41,379,37,0)
,(8,8,898,31,0)
,(54,38,600,17,1)
,(56,51,928,13,0)
,(35,60,769,40,1)
,(38,42,340,30,0)
,(59,49,475,35,1)
,(53,3,195,20,0)
,(12,5,301,13,1)
,(4,32,687,24,0)
,(30,46,740,12,1)
,(11,4,945,18,1)
,(44,56,917,30,1)
,(28,7,339,16,0)
,(15,9,292,18,0)
,(50,35,168,32,1)
,(6,19,300,32,1)
,(23,52,687,27,0)
,(55,43,774,36,1)
,(37,12,536,23,1)
,(49,48,300,28,1)
,(16,20,784,21,0)
,(46,59,584,17,0)
,(32,14,634,35,0)
,(19,28,552,15,0)
,(18,47,711,20,1)
,(9,44,817,26,1)
,(1,26,79,39,1)
,(52,13,305,30,0)
,(27,34,496,23,1)
,(49,42,92,14,1)
,(46,57,769,36,0)
,(8,45,751,28,0)
,(58,12,195,24,0)
,(7,11,470,33,1)
,(13,43,139,13,1)
,(9,23,423,27,0)
,(30,58,940,28,0)
,(31,2,495,35,1)
,(52,1,698,19,0)
,(38,60,102,39,0)
,(24,14,613,13,1)
,(11,53,807,23,1)
,(19,44,650,19,1)
,(26,59,484,40,1)
,(59,26,789,19,0)
,(16,38,639,25,1)
,(42,17,983,32,0)
,(12,6,726,26,1)
,(44,13,153,13,0)
,(5,8,315,31,1)
,(40,20,698,23,1)
,(15,48,387,22,1)
,(48,35,252,16,0)
,(45,30,340,35,0)
,(21,21,757,28,0)
,(32,40,272,37,1)
,(41,19,823,22,1)
,(23,50,444,20,1)
,(25,25,870,20,1)
,(41,42,998,28,1)
,(4,2,825,37,1)
,(16,57,412,37,1)
,(8,55,392,19,1)
,(25,28,415,11,0)
,(39,17,484,10,0)
,(2,8,264,16,1)
,(48,58,622,26,0)
,(49,13,297,21,0)
,(51,38,909,29,1)
,(26,54,659,28,0)
,(46,10,630,37,1)
,(33,59,89,30,1)
,(7,16,309,38,1)
,(5,14,248,35,1)
,(59,19,783,28,0)
,(21,45,747,31,0)
,(38,49,713,16,0)
,(44,6,626,10,0)
,(30,37,850,12,0)
,(6,53,703,10,0)
,(35,29,997,13,1)
,(31,12,112,30,1)
,(56,36,822,31,0)
,(54,43,931,10,1)
,(42,44,395,28,0)
,(24,52,630,15,0)
,(19,22,945,14,0)
,(55,9,970,17,1)
,(40,35,158,22,0)
,(37,26,430,15,1)
,(37,15,969,14,1)
,(43,3,879,30,1)
,(49,59,662,38,1)
,(48,1,419,30,1)
,(4,52,958,38,1)
,(21,9,526,21,1)
,(7,35,232,19,0)
,(34,26,198,15,0)
,(23,45,640,28,1)
,(56,12,810,25,1)
,(57,22,767,29,0)
,(12,39,930,29,0)
,(51,5,639,25,1)
,(14,21,409,28,0)
,(15,6,57,22,0)
,(31,29,466,37,0)
,(10,17,912,18,0)
,(42,46,65,37,1)
,(40,10,278,18,0)
,(39,37,521,34,0)
,(33,13,266,39,0)
,(52,14,103,33,0)
,(1,50,401,28,1)
,(26,16,521,14,1)
,(59,2,218,14,0)
,(28,51,360,18,0)
,(30,23,975,37,1)
,(19,42,613,18,1)
,(11,34,689,28,1)
,(20,33,665,36,0)
,(16,30,79,39,1)
,(25,56,702,33,1)
,(16,37,244,24,1)
,(50,54,214,35,1)
,(34,7,539,39,1)
,(26,13,722,40,1)
,(54,30,977,31,1)
,(56,23,758,39,0)
,(41,59,535,19,1)
,(2,58,455,29,1)
,(22,55,581,16,0)
,(15,12,832,18,1)
,(4,15,990,37,0)
,(53,1,488,27,1)
,(12,32,416,26,0)
,(27,47,153,14,0)
,(49,25,576,35,0)
,(21,34,271,36,1)
,(24,20,897,18,1)
,(47,26,756,30,0)
,(3,50,749,27,1)
,(52,6,495,15,0)
,(6,35,60,32,0)
,(7,53,993,33,0)
,(14,40,869,21,0)
,(44,8,61,13,0)
,(60,39,935,32,1)
,(28,41,204,40,0)
,(29,42,627,13,1)
,(55,3,669,12,0)
,(8,45,484,34,0)
,(43,9,876,15,0)
,(1,21,284,17,1)
,(50,9,953,36,0)
,(19,1,804,13,0)
,(48,37,370,30,1)
,(49,39,269,28,0)
,(11,31,568,13,1)
,(31,46,430,11,0)
,(20,51,352,30,0)
,(35,26,159,17,0)
,(34,52,905,38,0)
,(58,60,954,34,0)
,(12,58,485,27,1)
,(24,4,908,37,1)
,(33,38,974,19,0)
,(13,59,708,33,1)
,(39,14,742,27,0)
,(43,5,964,35,1)
,(26,32,806,18,1)
,(5,54,237,29,1)
,(14,55,427,21,1)
,(18,44,206,39,1)
,(9,27,467,28,1)
,(7,23,328,18,1)
,(27,17,878,31,0)
,(29,15,988,15,0)
,(15,41,132,13,1)
,(59,25,345,20,1)
,(44,10,379,24,0)
,(57,45,575,33,0)
,(56,30,506,19,1)
,(55,8,687,29,0)
,(25,38,806,17,0)
,(10,41,495,35,1)
,(44,55,380,13,0)
,(38,11,147,15,0)
,(47,52,804,39,1)
,(36,46,996,22,1)
,(14,1,232,40,0)
,(12,43,713,31,1)
,(29,37,969,33,1)
,(11,48,462,30,1)
,(1,32,750,29,1)
,(5,35,218,15,1)
,(58,5,434,21,1)
,(6,18,966,25,0)
,(51,17,950,31,1)
,(60,19,310,14,0)
,(4,21,65,12,1)
,(9,8,922,17,0)
,(54,16,991,22,0)
,(3,49,920,12,0)
,(24,29,42,11,1)
,(19,7,395,31,0)
,(32,20,344,37,1)
,(37,60,756,27,0)
,(45,57,351,14,1)
,(43,53,398,27,0)
,(46,27,650,26,1)
,(16,22,617,32,0)
,(34,3,535,24,0)
,(21,39,880,28,0)
,(27,40,410,10,0)
,(47,45,898,25,1)
,(48,23,643,35,1)
,(59,17,782,22,1)
,(22,1,832,13,1)
,(37,59,275,11,0)
,(7,35,959,30,1)
,(5,8,425,25,0)
,(28,6,195,35,1)
,(25,54,812,14,0)
,(34,52,155,35,0)
,(53,57,591,17,1)
,(40,14,712,30,1)
,(32,30,636,14,1)
,(12,42,418,29,0)
,(4,27,871,39,0)
,(8,50,789,33,1)
,(52,46,717,28,0)
,(60,47,802,15,0)
,(11,5,312,18,1)
,(2,56,289,39,1)
,(15,58,136,26,0)
,(43,41,281,15,0)
,(38,36,317,21,0)
,(27,2,942,19,1)
,(29,34,377,34,0)
,(56,33,825,11,1)
,(13,37,331,16,0)
,(23,4,849,37,0)
,(33,43,911,20,1)
,(6,7,468,13,1)
,(24,10,431,16,1)
,(38,35,861,17,1)
,(46,20,656,13,1)
,(15,28,464,31,1)
,(49,53,768,29,0)
,(1,51,678,17,1)
,(40,54,277,26,1)
,(13,24,459,19,1)
,(60,45,208,29,0)
,(8,43,892,18,1)
,(31,57,222,23,0)
,(21,44,916,14,0)
,(25,29,543,39,0)
,(50,21,74,37,0)
,(9,18,55,14,1)
,(43,15,104,11,1)
,(18,4,546,29,1)
,(48,41,199,17,1)
,(5,10,261,38,1)
,(22,37,564,30,0)
,(30,23,935,21,1)
,(7,12,899,34,0)
,(20,6,939,29,0)
,(2,2,571,35,0)
,(4,7,957,22,1)
,(51,56,681,23,1)
,(14,46,137,26,1)
,(29,36,131,21,1)
,(36,39,123,39,0)
,(35,55,449,40,0)
,(23,40,825,32,1)
,(10,1,451,30,0)
,(2,42,531,30,0)
,(27,22,282,12,1)
,(14,55,579,20,0)
,(22,44,679,33,0)
,(55,28,688,13,0)
,(58,49,229,29,1)
,(19,30,536,27,0)
,(59,11,637,23,0)
,(40,15,631,24,0)
,(18,43,668,33,1)
,(60,45,452,13,0)
,(3,47,575,31,0)
,(20,13,941,27,1)
,(33,5,758,40,1)
,(24,10,899,23,0)
,(57,40,827,31,1)
,(41,19,977,39,0)
,(5,25,671,13,0)
,(13,41,446,22,1)
,(48,39,247,38,1)
,(23,7,646,16,0)
,(21,34,988,16,0)
,(53,12,54,34,1)
,(38,23,399,13,0)
,(10,9,821,19,0)
,(51,36,875,10,0)
,(34,29,909,10,0)
,(12,2,170,31,1)
,(7,59,129,36,0)
,(4,18,487,14,1)
,(6,4,384,38,1)
,(23,35,939,27,0)
,(35,4,807,10,1)
,(3,49,363,11,0)
,(46,43,474,15,1)
,(8,36,870,21,1)
,(48,40,124,15,0)
,(37,10,285,36,1)
,(57,29,290,23,0)
,(47,52,96,35,0)
,(51,15,672,24,0)
,(44,47,337,27,1)
,(60,11,95,13,1)
,(17,14,54,21,1)
,(26,33,126,12,1)
,(45,19,725,16,1)
,(13,60,262,32,0)
,(25,57,602,18,0)
,(39,22,636,15,0)
,(58,31,44,30,0)
,(41,5,210,29,1)
,(7,55,270,37,1)
,(5,25,59,36,1)
,(56,45,613,18,0)
,(16,28,903,17,1)
,(43,9,135,29,0)
,(32,59,496,11,1)
,(1,48,877,24,0)
,(15,17,467,15,1)
,(50,46,746,30,0)
,(18,58,888,31,0)
,(19,56,257,28,0)
,(45,42,457,29,0)
,(28,32,231,30,0)
,(52,26,87,35,0)
,(32,35,319,14,0)
,(12,5,815,10,1)
,(59,59,800,25,0)
,(4,11,919,38,1)
,(57,55,393,24,0)
,(10,54,183,38,0)
,(13,22,469,31,1)
,(41,28,499,14,1)
,(20,3,980,26,0)
,(25,40,805,37,1)
,(55,38,524,32,1)
,(29,41,541,39,0)
,(7,17,285,12,0)
,(46,1,971,28,1)
,(36,52,417,39,0)
,(15,24,751,28,1)
,(60,53,208,24,1)
,(18,14,697,13,1)
,(48,51,533,10,0)
,(17,50,683,27,1)
,(35,18,879,13,1)
,(40,30,211,37,0)
,(2,49,734,36,1)
,(3,2,353,24,0)
,(24,45,529,37,1)
,(49,29,388,28,0)
,(30,19,444,23,0)
,(33,56,736,31,0)
,(25,48,729,34,0)
,(23,33,252,38,0)
,(22,45,424,23,0)
,(58,53,85,22,0)
,(60,1,735,29,1)
,(9,30,925,13,0)
,(34,37,149,23,0)
,(26,29,43,12,1)
,(2,59,249,21,0)
,(49,39,266,36,0)
,(4,52,903,23,1)
,(21,38,237,35,0)
,(28,25,593,38,0)
,(48,10,101,19,0)
,(38,57,676,33,0)
,(15,36,361,13,1)
,(6,2,697,24,0)
,(32,58,459,20,0)
,(13,49,710,20,0)
,(35,6,183,37,1)
,(18,14,949,40,0)
,(17,42,344,18,0)
,(59,47,438,33,0)
,(5,50,874,34,1)
,(45,8,544,34,1)
,(27,28,869,14,1)
,(42,56,608,20,0)
,(12,32,677,24,1)
,(54,41,231,33,1)
,(44,21,233,20,1)
,(14,17,325,16,0)
,(14,39,733,14,0)
,(10,32,376,19,0)
,(33,41,301,25,0)
,(13,36,788,29,0)
,(27,45,242,28,0)
,(37,59,959,21,1)
,(57,20,489,17,1)
,(53,21,422,24,0)
,(18,14,294,29,0)
,(8,16,893,22,1)
,(2,25,431,33,1)
,(30,51,998,12,0)
,(46,1,736,30,0)
,(3,7,522,13,0)
,(39,18,545,12,1)
,(41,40,579,23,1)
,(35,5,553,13,0)
,(58,55,227,10,0)
,(28,27,993,35,0)
,(9,28,857,31,1)
,(55,12,847,27,1)
,(42,15,440,18,1)
,(21,35,177,14,1)
,(7,50,94,36,1)
,(12,43,136,36,1)
,(22,30,740,13,0)
,(44,44,868,25,0)
,(23,31,590,26,1)
,(34,10,479,15,1)
,(36,13,885,21,1)
,(40,17,830,21,1)
,(5,47,330,27,1)
,(1,52,583,13,1)
,(17,25,423,35,0)
,(48,15,60,31,0)
,(14,20,999,34,1)
,(25,22,254,16,1)
,(6,35,759,16,0)
,(22,28,130,11,0)
,(20,56,365,24,1)
,(32,18,225,15,0)
,(2,17,312,13,1)
,(16,37,925,32,1)
,(19,32,995,18,1)
,(44,24,868,26,1)
,(51,11,560,37,0)
,(54,5,171,12,1)
,(30,10,765,11,0)
,(56,34,361,27,1)
,(47,58,123,33,0)
,(26,29,659,24,0)
,(41,27,653,15,0)
,(45,50,379,20,1)
,(13,49,189,14,0)
,(46,23,642,36,0)
,(9,9,158,16,0)
,(35,43,848,39,1)
,(42,13,346,38,1)
,(60,53,295,34,0)
,(3,38,250,34,0)
,(49,41,350,25,0)
,(12,31,592,32,0)
,(6,47,366,15,1)
,(56,32,787,19,0)
,(59,34,633,37,1)
,(26,54,416,33,1)
,(14,8,631,11,1)
,(47,21,294,36,1)
,(16,5,526,34,0)
,(41,52,788,39,1)
,(33,11,243,16,0)
,(44,27,81,26,1)
,(13,39,581,13,0)
,(43,25,950,16,0)
,(48,22,790,39,0)
,(49,31,902,32,1)
,(21,7,834,19,1)
,(53,3,965,14,1)
,(57,60,983,13,0)
,(52,12,567,26,1)
,(50,46,366,34,0)
,(39,38,289,12,0)
,(17,58,606,34,0)
,(60,20,593,40,0)
,(1,57,624,15,0)
,(35,4,663,28,1)
,(42,55,880,18,1)
,(38,43,354,24,1)
,(54,45,206,11,0)
,(12,2,549,25,0)
,(15,30,968,17,1)
,(22,40,284,13,1)
,(34,9,126,13,0)
,(18,42,595,39,1)
,(43,47,275,35,0)
,(48,6,604,25,0)
,(26,56,263,30,1)
,(7,25,104,34,0)
,(1,1,195,19,1)
,(22,30,279,10,1)
,(13,38,761,33,1)
,(55,50,933,34,1)
,(12,34,245,29,1)
,(39,33,454,33,1)
,(29,52,548,17,1)
,(45,43,683,40,0)
,(33,20,150,17,0)
,(51,49,709,35,1)
,(31,58,221,26,1)
,(6,11,703,18,0)
,(20,54,44,17,0)
,(54,3,361,17,1)
,(59,59,59,30,0)
,(28,27,160,19,1)
,(57,14,355,24,0)
,(53,22,840,30,0)
,(27,8,303,39,1)
,(47,19,168,14,1)
,(44,23,181,15,1)
,(35,39,939,39,1)
,(4,21,328,31,0)
,(50,4,913,39,1)
,(30,41,899,31,0)
,(34,5,826,33,0)
,(20,18,628,34,1)
,(15,9,143,30,0)
,(19,15,933,22,1)
,(16,39,561,35,1)
,(38,7,375,13,1)
,(42,21,779,12,0)
,(36,38,680,23,1)
,(40,37,494,26,0)
,(44,50,554,23,0)
,(11,56,691,21,1)
,(32,28,308,34,0)
,(41,29,172,31,1)
,(29,45,698,18,0)
,(1,11,142,25,1)
,(56,32,671,34,0)
,(53,30,56,17,0)
,(24,60,208,13,0)
,(5,10,392,15,0)
,(9,41,526,14,0)
,(35,19,334,32,0)
,(3,42,768,14,0)
,(30,12,595,28,1)
,(58,25,875,28,1)
,(23,46,285,21,1)
,(7,2,669,29,0)
,(45,52,975,22,0)
,(12,14,989,20,1)
,(31,40,375,27,1)
,(28,26,819,25,1)
,(4,51,314,17,1)
,(48,43,249,23,1)
,(1,39,603,32,0)
,(8,5,404,25,1)
,(22,20,111,39,1)
,(17,27,555,11,1)
,(31,36,738,18,0)
,(12,28,975,40,1)
,(26,3,376,26,1)
,(59,4,237,21,1)
,(16,1,264,25,0)
,(50,46,976,25,1)
,(13,48,795,21,1)
,(21,60,992,20,0)
,(7,43,530,27,0)
,(27,41,817,15,0)
,(5,30,371,25,1)
,(56,6,937,37,1)
,(55,21,356,12,1)
,(40,55,955,15,1)
,(39,45,967,39,1)
,(49,24,168,36,0)
,(30,49,658,35,1)
,(53,52,699,31,0)
,(51,10,912,26,0)
,(42,12,994,14,0)
,(48,38,954,39,1)
,(44,59,978,24,0)
,(3,47,852,25,0)
,(15,56,407,38,1)
,(19,9,583,36,0)
,(9,25,420,17,1)
,(41,50,757,26,1)
,(21,26,252,19,1)
,(44,50,175,15,1)
,(19,28,938,38,1)
,(29,53,785,18,0)
,(54,25,190,22,1)
,(11,44,923,36,0)
,(24,12,262,34,0)
,(57,24,215,30,1)
,(3,51,870,33,0)
,(41,17,373,11,0)
,(38,59,194,37,1)
,(15,2,654,19,1)
,(58,5,557,34,0)
,(55,23,92,31,1)
,(33,55,581,29,0)
,(16,54,534,35,1)
,(4,7,985,30,1)
,(39,8,672,31,0)
,(1,11,507,37,1)
,(12,1,932,18,0)
,(43,22,668,19,1)
,(36,39,208,38,0)
,(23,34,799,18,1)
,(49,19,222,15,1)
,(5,47,505,15,0)
,(14,16,916,22,0)
,(42,48,931,11,0)
,(27,52,231,12,1)
,(20,35,927,22,1)
,(53,33,441,28,1)
,(47,18,898,40,0)
,(20,41,921,29,0)
,(30,46,836,18,1)
,(22,17,350,17,1)
,(5,20,648,13,1)
,(4,53,591,19,1)
,(45,49,870,19,1)
,(21,35,989,29,0)
,(52,23,797,37,1)
,(60,16,580,37,1)
,(58,7,546,24,1)
,(47,44,153,37,0)
,(11,22,140,30,1)
,(59,51,503,34,0)
,(37,4,51,28,1)
,(18,9,151,38,0)
,(56,59,844,23,1)
,(9,10,446,24,0)
,(34,3,746,13,0)
,(43,15,488,23,1)
,(31,6,954,19,0)
,(54,40,693,37,1)
,(15,60,285,22,0)
,(25,47,298,16,0)
,(48,57,898,31,1)
,(49,55,509,25,0)
,(55,29,286,29,0)
,(19,32,406,26,1)
,(50,43,569,37,1)
,(33,48,388,22,0)
,(36,36,883,20,0)
,(41,38,617,39,1)
,(30,1,118,34,0)
,(58,9,216,11,0)
,(20,46,52,38,1)
,(6,13,761,29,1)
,(52,22,54,20,1)
,(24,6,873,35,0)
,(8,35,377,22,1)
,(11,26,288,13,0)
,(15,58,587,26,1)
,(21,36,485,11,1)
,(47,44,818,21,0)
,(37,54,546,31,0)
,(25,11,517,32,1)
,(40,52,545,22,0)
,(55,47,238,21,1)
,(28,28,76,18,1)
,(57,24,644,28,0)
,(31,25,221,20,0)
,(46,48,769,22,0)
,(36,5,319,10,0)
,(51,21,639,36,0)
,(38,37,51,35,0)
,(41,56,812,40,1)
,(54,38,595,22,1)
,(14,57,716,25,1)
,(23,7,56,12,0)
,(2,16,392,12,1)
,(48,41,174,14,1)
,(50,53,149,32,1)
,(29,42,711,16,0)
,(26,33,642,36,0)
,(14,40,140,27,1)
,(43,16,333,26,1)
,(60,3,906,38,0)
,(50,25,419,33,1)
,(25,22,550,29,1)
,(31,18,388,15,1)
,(45,54,478,15,1)
,(11,29,991,36,1)
,(53,17,923,34,0)
,(47,50,66,22,0)
,(13,12,169,13,0)
,(20,23,428,12,1)
,(30,47,577,11,0)
,(9,55,442,37,0)
,(46,27,600,26,1)
,(58,24,136,38,1)
,(6,53,685,26,1)
,(38,32,715,14,0)
,(52,19,493,32,1)
,(37,42,800,14,1)
,(41,9,457,22,1)
,(57,11,831,18,0)
,(32,21,414,21,0)
,(56,10,258,12,1)
,(33,35,840,26,0)
,(48,36,611,34,1)
,(12,7,336,25,0)
,(54,28,49,26,0)
,(35,5,273,24,0)
,(2,31,86,36,0)
,(23,44,786,16,0)
,(8,45,371,15,0)
,(7,13,883,21,1)
,(29,26,853,33,1)
,(15,59,364,31,1)
,(19,1,423,21,0)
,(18,38,105,28,0)
,(40,33,517,33,1)
,(3,15,108,33,0);
INSERT INTO Purchases(PurchaseID,CustomerID,StoreID,BuyDate) VALUES
(1,5,46,'2024-01-15')
,(2,8,43,'2023-10-16')
,(3,52,21,'2023-04-27')
,(4,53,13,'2023-05-26')
,(5,22,18,'2023-12-19')
,(6,42,20,'2024-01-07')
,(7,11,11,'2023-07-26')
,(8,55,56,'2023-06-20')
,(9,50,55,'2024-03-23')
,(10,47,30,'2023-06-15')
,(11,16,44,'2023-12-10')
,(12,36,21,'2023-06-29')
,(13,53,28,'2023-09-15')
,(14,8,22,'2023-07-15')
,(15,50,60,'2023-12-08')
,(16,22,24,'2023-07-29')
,(17,59,7,'2023-11-04')
,(18,12,32,'2023-08-20')
,(19,24,6,'2023-07-16')
,(20,58,29,'2024-01-18')
,(21,3,19,'2024-01-04')
,(22,45,55,'2023-07-09')
,(23,23,12,'2024-03-12')
,(24,47,54,'2023-12-04')
,(25,44,28,'2023-06-19')
,(26,21,32,'2023-09-21')
,(27,31,53,'2023-10-20')
,(28,43,7,'2023-11-30')
,(29,18,33,'2024-04-20')
,(30,38,56,'2023-06-07')
,(31,36,5,'2023-04-21')
,(32,51,23,'2024-01-24')
,(33,57,34,'2023-08-14')
,(34,13,42,'2024-03-12')
,(35,48,47,'2024-02-26')
,(36,7,30,'2023-11-17')
,(37,8,29,'2023-09-22')
,(38,20,33,'2023-10-10')
,(39,21,35,'2023-05-31')
,(40,54,53,'2023-11-05')
,(41,58,17,'2024-02-16')
,(42,53,44,'2024-02-20')
,(43,35,23,'2023-10-18')
,(44,32,19,'2023-09-26')
,(45,37,7,'2024-01-27')
,(46,8,20,'2023-11-08')
,(47,35,10,'2023-07-02')
,(48,24,18,'2023-11-05')
,(49,49,7,'2023-06-19')
,(50,43,19,'2023-06-19')
,(51,46,29,'2023-10-20')
,(52,6,12,'2023-06-03')
,(53,22,49,'2024-01-17')
,(54,11,51,'2024-04-15')
,(55,15,52,'2023-11-14')
,(56,25,19,'2023-12-02')
,(57,42,47,'2024-02-08')
,(58,8,42,'2023-07-27')
,(59,39,51,'2023-12-04')
,(60,23,29,'2024-03-28')
,(61,2,2,'2023-11-13')
,(62,10,31,'2023-05-23')
,(63,50,59,'2023-08-23')
,(64,50,35,'2024-04-14')
,(65,22,16,'2023-10-30')
,(66,56,57,'2023-11-25')
,(67,25,26,'2023-10-22')
,(68,29,15,'2023-06-02')
,(69,21,5,'2023-11-26')
,(70,4,8,'2023-04-21')
,(71,17,50,'2024-02-08')
,(72,19,9,'2023-08-08')
,(73,34,54,'2024-04-14')
,(74,21,29,'2024-04-08')
,(75,2,55,'2023-09-27')
,(76,29,42,'2023-05-17')
,(77,7,43,'2023-11-22')
,(78,18,52,'2023-07-29')
,(79,37,37,'2023-09-29')
,(80,33,4,'2023-06-18')
,(81,60,13,'2023-06-04')
,(82,7,2,'2024-04-01')
,(83,6,29,'2023-07-08')
,(84,50,16,'2023-05-06')
,(85,44,9,'2023-09-11')
,(86,14,43,'2023-09-25')
,(87,34,40,'2023-12-14')
,(88,39,21,'2023-11-06')
,(89,17,5,'2023-09-03')
,(90,59,3,'2024-03-17')
,(91,30,10,'2023-12-09')
,(92,1,9,'2024-04-20')
,(93,44,19,'2024-02-03')
,(94,48,6,'2024-02-08')
,(95,21,45,'2023-07-27')
,(96,41,35,'2024-02-12')
,(97,42,23,'2024-01-27')
,(98,29,18,'2023-06-11')
,(99,25,37,'2024-01-23')
,(100,54,14,'2023-11-27')
,(101,56,18,'2023-06-15')
,(102,8,45,'2023-11-01')
,(103,11,59,'2024-04-19')
,(104,60,1,'2023-10-22')
,(105,32,8,'2024-03-14')
,(106,31,29,'2023-06-28')
,(107,48,60,'2024-02-02')
,(108,59,9,'2023-12-19')
,(109,55,25,'2023-08-23')
,(110,54,19,'2024-01-23')
,(111,52,22,'2023-07-25')
,(112,15,52,'2023-07-25')
,(113,48,23,'2023-07-01')
,(114,28,9,'2023-07-26')
,(115,19,46,'2024-01-26')
,(116,16,11,'2023-09-23')
,(117,31,55,'2023-10-25')
,(118,43,13,'2023-04-25')
,(119,29,41,'2023-09-23')
,(120,34,47,'2023-05-10')
,(121,36,9,'2023-10-24')
,(122,17,46,'2023-05-31')
,(123,27,3,'2023-12-19')
,(124,30,34,'2024-03-29')
,(125,4,14,'2023-12-29')
,(126,2,27,'2024-01-11')
,(127,12,23,'2023-09-18')
,(128,26,59,'2023-05-15')
,(129,59,51,'2024-04-19')
,(130,58,25,'2024-02-20')
,(131,47,43,'2023-07-01')
,(132,15,8,'2024-02-03')
,(133,4,31,'2023-12-11')
,(134,34,21,'2023-07-20')
,(135,32,30,'2023-08-23')
,(136,26,22,'2024-04-12')
,(137,8,2,'2023-08-28')
,(138,12,7,'2023-07-01')
,(139,55,28,'2023-06-17')
,(140,24,58,'2023-11-04')
,(141,52,20,'2023-10-26')
,(142,53,6,'2023-12-20')
,(143,54,44,'2023-11-11')
,(144,17,59,'2023-04-27')
,(145,5,10,'2024-01-14')
,(146,19,40,'2024-01-17')
,(147,25,34,'2023-10-13')
,(148,24,31,'2023-08-06')
,(149,21,44,'2024-03-25')
,(150,60,60,'2024-01-12')
,(151,33,36,'2023-05-06')
,(152,38,59,'2024-03-26')
,(153,16,23,'2024-04-10')
,(154,26,41,'2024-03-13')
,(155,59,20,'2023-08-31')
,(156,51,36,'2024-02-13')
,(157,57,34,'2023-08-28')
,(158,13,57,'2023-05-08')
,(159,49,30,'2023-07-07')
,(160,25,16,'2024-04-08')
,(161,39,31,'2023-09-26')
,(162,41,55,'2023-08-19')
,(163,32,2,'2023-11-22')
,(164,7,40,'2023-05-14')
,(165,15,52,'2024-01-04')
,(166,20,38,'2023-08-22')
,(167,57,47,'2023-09-09')
,(168,42,9,'2023-06-15')
,(169,43,8,'2024-04-19')
,(170,30,57,'2023-05-30')
,(171,23,20,'2023-10-26')
,(172,9,21,'2024-03-12')
,(173,15,28,'2023-09-17')
,(174,59,3,'2023-11-01')
,(175,13,53,'2023-12-03')
,(176,28,46,'2023-06-19')
,(177,53,9,'2023-08-23')
,(178,47,8,'2023-08-07')
,(179,30,59,'2023-06-02')
,(180,27,50,'2023-10-05')
,(181,5,10,'2024-03-19')
,(182,1,39,'2023-11-28')
,(183,42,3,'2023-10-05')
,(184,7,38,'2024-01-12')
,(185,12,36,'2023-06-07')
,(186,30,6,'2024-03-04')
,(187,46,48,'2023-12-04')
,(188,18,51,'2023-09-15')
,(189,28,52,'2023-10-24')
,(190,14,9,'2024-03-05')
,(191,32,51,'2023-05-23')
,(192,49,31,'2023-05-10')
,(193,7,20,'2024-03-19')
,(194,3,40,'2023-06-30')
,(195,9,5,'2023-11-01')
,(196,53,17,'2023-09-22')
,(197,39,43,'2023-12-02')
,(198,37,37,'2023-12-25')
,(199,32,59,'2023-06-01')
,(200,57,26,'2023-04-29')
,(201,21,47,'2023-06-26')
,(202,34,54,'2023-07-01')
,(203,11,24,'2023-08-25')
,(204,36,25,'2023-08-01')
,(205,39,58,'2023-12-16')
,(206,22,4,'2023-04-27')
,(207,13,30,'2023-05-29')
,(208,35,6,'2024-01-02')
,(209,15,53,'2023-07-02')
,(210,26,57,'2024-04-09')
,(211,42,15,'2023-09-17')
,(212,16,12,'2024-01-28')
,(213,30,43,'2023-09-29')
,(214,41,28,'2023-07-18')
,(215,28,38,'2024-03-15')
,(216,10,31,'2024-04-02')
,(217,44,23,'2023-05-05')
,(218,8,32,'2023-09-26')
,(219,42,20,'2023-10-30')
,(220,12,18,'2023-12-21')
,(221,58,14,'2024-04-16')
,(222,31,59,'2023-06-02')
,(223,25,54,'2023-10-15')
,(224,45,11,'2023-06-16')
,(225,3,56,'2023-07-20')
,(226,46,36,'2024-01-04')
,(227,13,16,'2023-06-26')
,(228,21,27,'2024-02-23')
,(229,12,30,'2024-04-14')
,(230,4,17,'2023-08-16')
,(231,24,37,'2024-01-02')
,(232,30,2,'2023-06-30')
,(233,49,58,'2023-06-19')
,(234,14,56,'2023-11-19')
,(235,36,21,'2023-10-29')
,(236,44,10,'2024-02-25')
,(237,32,23,'2024-04-09')
,(238,49,33,'2023-08-17')
,(239,40,58,'2023-08-14')
,(240,45,18,'2023-07-02')
,(241,59,35,'2023-09-11')
,(242,42,6,'2023-05-14')
,(243,56,38,'2023-07-14')
,(244,26,35,'2023-09-12')
,(245,16,60,'2023-08-10')
,(246,5,53,'2023-12-27')
,(247,11,54,'2023-08-26')
,(248,56,34,'2023-06-17')
,(249,12,57,'2023-05-05')
,(250,8,2,'2023-04-27')
,(251,60,46,'2023-08-27')
,(252,21,55,'2023-07-27')
,(253,1,53,'2023-07-23')
,(254,22,41,'2023-05-23')
,(255,26,11,'2023-09-11')
,(256,23,55,'2023-08-01')
,(257,10,39,'2024-01-05')
,(258,54,44,'2023-09-21')
,(259,7,50,'2023-07-28')
,(260,15,58,'2023-05-23')
,(261,20,15,'2023-06-07')
,(262,40,34,'2023-08-14')
,(263,25,26,'2023-12-17')
,(264,8,33,'2024-03-30')
,(265,43,8,'2023-06-22')
,(266,21,3,'2023-12-29')
,(267,46,29,'2023-07-28')
,(268,39,30,'2023-05-10')
,(269,60,40,'2024-03-27')
,(270,57,19,'2023-05-16')
,(271,26,57,'2023-05-03')
,(272,45,23,'2023-12-22')
,(273,9,56,'2023-05-19')
,(274,33,55,'2023-12-18')
,(275,31,27,'2024-04-10')
,(276,25,13,'2024-01-16')
,(277,39,37,'2024-03-24')
,(278,60,26,'2023-06-05')
,(279,35,39,'2023-12-31')
,(280,6,44,'2024-01-25')
,(281,12,58,'2023-12-09')
,(282,2,35,'2024-04-09')
,(283,19,45,'2023-07-14')
,(284,47,13,'2023-10-04')
,(285,53,29,'2023-09-19')
,(286,39,21,'2023-09-04')
,(287,13,18,'2024-01-18')
,(288,58,50,'2024-03-06')
,(289,56,22,'2024-02-29')
,(290,43,53,'2023-11-03')
,(291,3,36,'2023-12-16')
,(292,24,41,'2024-03-08')
,(293,11,27,'2023-10-12')
,(294,18,49,'2024-04-09')
,(295,29,38,'2024-03-02')
,(296,17,17,'2024-04-03')
,(297,10,1,'2023-06-03')
,(298,22,30,'2023-11-11')
,(299,46,47,'2023-09-26')
,(300,15,55,'2024-02-05');
INSERT INTO PurchaseItems(PurchaseID,ProductID,Quantity) VALUES
(24,37,612)
,(137,21,836)
,(115,34,411)
,(198,59,393)
,(116,12,369)
,(2,51,272)
,(128,54,137)
,(51,17,937)
,(298,3,423)
,(30,1,830)
,(181,19,861)
,(94,55,145)
,(254,25,811)
,(185,20,963)
,(260,11,792)
,(121,57,527)
,(33,60,729)
,(218,22,130)
,(102,2,146)
,(296,10,729)
,(248,15,625)
,(26,14,750)
,(166,55,391)
,(254,34,261)
,(195,39,624)
,(27,37,585)
,(297,17,949)
,(230,54,143)
,(83,26,370)
,(131,32,149)
,(148,41,235)
,(196,4,184)
,(172,29,414)
,(11,9,441)
,(175,50,290)
,(104,33,497)
,(208,35,400)
,(216,18,458)
,(65,24,737)
,(220,21,141)
,(42,49,515)
,(214,53,873)
,(57,23,220)
,(149,58,515)
,(158,40,694)
,(298,58,966)
,(131,20,797)
,(38,60,750)
,(182,41,791)
,(198,29,129)
,(84,46,645)
,(242,49,724)
,(3,33,326)
,(240,35,177)
,(216,55,196)
,(80,32,380)
,(124,51,322)
,(49,53,330)
,(150,45,997)
,(180,12,476)
,(281,43,590)
,(69,30,800)
,(237,38,475)
,(178,34,201)
,(91,13,516)
,(270,37,466)
,(15,39,855)
,(260,8,966)
,(154,11,812)
,(39,3,467)
,(52,9,539)
,(133,6,637)
,(26,56,511)
,(268,59,139)
,(113,56,399)
,(69,2,883)
,(197,10,347)
,(248,37,591)
,(10,28,424)
,(207,39,663)
,(55,20,943)
,(222,14,825)
,(266,19,660)
,(78,52,612)
,(100,12,190)
,(11,13,838)
,(173,55,685)
,(284,57,541)
,(212,53,319)
,(160,5,891)
,(206,7,517)
,(25,23,131)
,(295,17,871)
,(59,54,330)
,(96,43,619)
,(5,38,544)
,(246,36,396)
,(217,1,527)
,(72,18,664)
,(44,9,236)
,(294,15,468)
,(76,45,417)
,(52,44,102)
,(32,47,880)
,(102,22,882)
,(93,23,783)
,(7,53,418)
,(26,2,215)
,(137,39,674)
,(247,56,162)
,(195,4,153)
,(204,7,829)
,(167,40,648)
,(61,55,757)
,(46,46,696)
,(209,33,990)
,(5,44,332)
,(59,18,809)
,(9,16,361)
,(240,11,738)
,(272,43,144)
,(14,30,168)
,(162,47,774)
,(278,60,654)
,(143,26,297)
,(286,10,176)
,(6,28,902)
,(3,49,214)
,(20,34,487)
,(208,12,782)
,(256,8,541)
,(223,21,189)
,(171,48,213)
,(111,10,989)
,(57,56,747)
,(20,6,267)
,(98,32,849)
,(263,54,893)
,(227,42,537)
,(269,47,722)
,(69,44,320)
,(136,27,421)
,(241,55,283)
,(250,60,234)
,(9,21,453)
,(14,40,195)
,(1,49,709)
,(242,5,684)
,(141,53,187)
,(119,25,421)
,(228,3,229)
,(47,50,447)
,(193,36,279)
,(201,12,524)
,(179,26,504)
,(103,16,401)
,(236,45,370)
,(274,15,793)
,(281,18,435)
,(104,9,253)
,(208,54,817)
,(41,20,957)
,(107,32,370)
,(266,40,485)
,(65,59,644)
,(13,52,395)
,(159,38,857)
,(285,10,165)
,(142,30,959)
,(197,31,367)
,(6,23,639)
,(111,48,926)
,(14,2,744)
,(156,58,713)
,(250,39,778)
,(96,4,752)
,(175,57,579)
,(28,44,442)
,(44,58,412)
,(287,32,964)
,(84,26,124)
,(220,16,908)
,(171,18,269)
,(267,37,278)
,(293,35,722)
,(265,53,585)
,(185,46,985)
,(79,11,994)
,(300,30,881)
,(158,5,372)
,(86,33,175)
,(260,50,828)
,(69,21,821)
,(100,1,649)
,(294,6,202)
,(239,38,124)
,(30,59,717)
,(176,52,836)
,(213,13,751)
,(129,3,926)
,(268,45,493)
,(85,27,925)
,(211,57,622)
,(273,12,737)
,(28,15,614)
,(178,55,693)
,(140,48,912)
,(275,28,438)
,(218,11,121)
,(119,41,527)
,(75,5,637)
,(178,33,472)
,(86,16,424)
,(258,20,303)
,(284,46,855)
,(193,32,537)
,(181,45,783)
,(285,57,431)
,(232,42,869)
,(163,2,146)
,(13,25,964)
,(55,37,387)
,(240,28,614)
,(212,30,659)
,(12,10,311)
,(217,43,814)
,(74,56,879)
,(95,18,422)
,(188,4,661)
,(60,24,687)
,(127,34,297)
,(237,29,924)
,(14,36,410)
,(265,59,297)
,(214,23,902)
,(225,44,751)
,(33,27,342)
,(226,38,807)
,(148,22,841)
,(61,37,316)
,(158,59,588)
,(18,24,823)
,(95,31,194)
,(114,46,272)
,(145,38,980)
,(15,1,101)
,(198,30,199)
,(16,19,896)
,(105,7,957)
,(233,47,433)
,(239,20,498)
,(182,28,581)
,(93,4,893)
,(24,54,775)
,(44,56,169)
,(152,16,926)
,(17,29,634)
,(244,57,465)
,(215,3,631)
,(69,34,791)
,(47,53,396)
,(77,49,789)
,(206,50,668)
,(45,15,476)
,(227,26,382)
,(37,32,761)
,(156,33,195)
,(157,13,162)
,(289,59,932)
,(71,46,445)
,(214,4,555)
,(299,5,280)
,(14,13,637)
,(22,55,541)
,(54,2,956)
,(219,3,331)
,(90,17,647)
,(35,22,590)
,(25,37,801)
,(112,52,326)
,(240,41,615)
,(28,33,906)
,(191,31,611)
,(287,48,634)
,(248,6,927)
,(103,54,244)
,(239,40,737)
,(154,25,502)
,(17,19,598)
,(31,11,618)
,(38,38,198)
,(296,53,110)
,(43,45,426)
,(236,12,678)
,(164,9,716)
,(244,8,194)
,(158,28,305)
,(94,57,186)
,(59,14,480)
,(59,22,450)
,(4,28,881)
,(38,54,661)
,(132,20,223)
,(50,48,897)
,(104,2,376)
,(17,52,388)
,(243,33,354)
,(184,51,392)
,(198,49,716)
,(224,10,938)
,(90,32,115)
,(152,58,481)
,(208,40,644)
,(22,42,808)
,(215,26,693)
,(186,60,721)
,(258,37,362)
,(124,38,359)
,(165,43,626)
,(180,14,920)
,(173,11,906)
,(144,24,143)
,(203,3,211)
,(160,39,620)
,(190,12,396)
,(86,6,408)
,(156,1,519)
,(228,59,579)
,(234,4,452)
,(113,54,241)
,(45,28,378)
,(56,58,393)
,(194,18,339)
,(154,44,631)
,(202,43,773)
,(245,22,382)
,(97,36,479)
,(299,4,606)
,(294,33,872)
,(211,38,467)
,(4,57,684)
,(38,19,254)
,(176,41,734)
,(233,26,812)
,(68,27,389)
,(25,52,508)
,(275,24,710)
,(37,8,204)
,(70,12,990)
,(32,31,153)
,(31,16,875)
,(10,3,712)
,(241,21,467)
,(28,49,389)
,(145,48,961)
,(84,55,575)
,(169,59,321)
,(298,37,447)
,(42,35,748)
,(256,29,807)
,(120,10,631);