INSERT INTO StoreItems(StoreID,Name,Address,Manager,PhoneNumber,Email) VALUES
(1,'Eamia','04316 Transport Pass','Ellswerth Castles','405-300-9654','ecastles0@wunderground.com')
,(2,'Kwilith','71 Londonderry Lane','Merwyn Cleverley','448-882-5285','mcleverley1@privacy.gov.au')
,(3,'Ooba','94629 Pennsylvania Alley','Isacco Bradberry','250-835-5007','ibradberry2@usa.gov')
,(4,'Riffpath','1 Leroy Pass','Kellie Vasilchenko','613-414-8212','kvasilchenko3@acquirethisname.com')
,(5,'Photobug','7 Lillian Court','Devlen Betjeman','839-730-3140','dbetjeman4@paypal.com')
,(6,'Linktype','323 Grover Trail','Nanete Glasscott','465-242-3671','nglasscott5@hc360.com')
,(7,'Reallinks','23 Warbler Lane','Gale Spriggin','132-430-7636','gspriggin6@noaa.gov')
,(8,'Youspan','426 Dorton Junction','Grace Joburn','980-623-7310','gjoburn7@odnoklassniki.ru')
,(9,'Dazzlesphere','0 Daystar Pass','Rab Batcock','719-363-9384','rbatcock8@ebay.co.uk')
,(10,'Fivespan','77317 Mayfield Street','Thatcher Grellier','343-592-1677','tgrellier9@admin.ch')
,(11,'Rhynoodle','52830 Shopko Avenue','Roderigo Huff','398-372-6907','rhuffa@ftc.gov')
,(12,'Wikido','76 Bartelt Way','Roselle Lisett','810-298-0898','rlisettb@angelfire.com')
,(13,'Skidoo','98 Mosinee Trail','Cordell Peerless','318-716-6542','cpeerlessc@mozilla.com')
,(14,'Flipstorm','8 Eastwood Hill','Erma Perillo','932-520-3270','eperillod@senate.gov')
,(15,'Photobug','811 8th Road','Maxi McGoogan','869-308-6136','mmcgoogane@biglobe.ne.jp')
,(16,'Oyope','7 Fieldstone Avenue','Henrieta Sute','530-770-5805','hsutef@huffingtonpost.com')
,(17,'Voonder','63895 Sunfield Plaza','Leonore Nitto','836-244-9365','lnittog@pinterest.com')
,(18,'Eayo','407 Manley Junction','Evelyn Cressingham','816-957-3461','ecressinghamh@meetup.com')
,(19,'Voonte','3 Reindahl Drive','Katie Libri','686-230-6481','klibrii@cnbc.com')
,(20,'Oyoloo','450 Dorton Plaza','Theodoric Yeomans','183-762-9849','tyeomansj@sourceforge.net')
,(21,'Skinte','775 Hudson Avenue','Orsola Bazely','222-926-8334','obazelyk@springer.com')
,(22,'Jaxbean','455 Scott Crossing','Lexine Fetherstan','988-603-5036','lfetherstanl@sourceforge.net')
,(23,'Oloo','08 Barby Parkway','Tynan Hurkett','206-268-7539','thurkettm@mac.com')
,(24,'Centimia','27 Sommers Lane','Myrtie Pikhno','151-475-3979','mpikhnon@apple.com')
,(25,'Devify','91005 Clove Lane','Brod Boate','110-789-1574','bboateo@behance.net')
,(26,'Wikibox','20 Hansons Center','Yancey Toupe','342-835-3135','ytoupep@hostgator.com')
,(27,'Zoonder','11202 Amoth Way','Essie McElwee','613-863-6136','emcelweeq@t.co')
,(28,'Wikizz','247 Nobel Junction','Inglebert Kinnard','844-394-2088','ikinnardr@wired.com')
,(29,'Ainyx','0947 Red Cloud Crossing','Joelly Coultas','671-628-8219','jcoultass@house.gov')
,(30,'Zoonder','532 Crownhardt Terrace','Pearl Yerson','975-618-0963','pyersont@stanford.edu')
,(31,'Eamia','5829 Reindahl Plaza','Ellene Crease','411-819-5363','ecreaseu@hugedomains.com')
,(32,'Skyvu','2 Kim Court','Christin Jerdein','747-868-3254','cjerdeinv@jiathis.com')
,(33,'Wikizz','7 Mcbride Road','Tobin See','913-461-1599','tseew@nature.com')
,(34,'Divanoodle','8 Tennyson Place','Marius Cadding','801-422-1134','mcaddingx@ameblo.jp')
,(35,'Meevee','048 Dwight Alley','Quintin Coverley','715-785-3705','qcoverleyy@gov.uk')
,(36,'Rhynyx','7 3rd Alley','Rutherford Stonall','819-631-2894','rstonallz@dagondesign.com')
,(37,'Devpoint','99602 Loeprich Park','Ludovico Lardnar','999-418-9758','llardnar10@amazon.de')
,(38,'Jatri','5846 Elka Park','Rochella Wearn','945-825-4835','rwearn11@myspace.com')
,(39,'Zoonoodle','4405 Mockingbird Trail','Thomasina Barthot','174-665-5814','tbarthot12@godaddy.com')
,(40,'Thoughtbridge','842 Havey Pass','Cary Towson','620-453-5424','ctowson13@unc.edu')
,(41,'Tambee','7237 Lyons Plaza','Margo Pantlin','346-468-3353','mpantlin14@cyberchimps.com')
,(42,'Gigaclub','9 Grasskamp Center','Dud Dinnage','992-310-7616','ddinnage15@bluehost.com')
,(43,'Feedmix','3 Dakota Junction','Ebba Bonhome','802-641-4656','ebonhome16@alibaba.com')
,(44,'Voonix','0 Sachs Drive','Alie Langdridge','514-318-9841','alangdridge17@ning.com')
,(45,'Linklinks','444 Nancy Drive','Leela Berrecloth','667-349-2616','lberrecloth18@cloudflare.com')
,(46,'Skilith','2 Thompson Road','Menard Stern','960-486-0030','mstern19@google.co.uk')
,(47,'Podcat','12268 Clove Circle','Bennie Bointon','550-594-3920','bbointon1a@stumbleupon.com')
,(48,'Oyoba','1839 Sullivan Crossing','Rica Lourenco','448-588-7242','rlourenco1b@latimes.com')
,(49,'Rhycero','5 Graceland Terrace','Abeu Ferrari','859-993-7041','aferrari1c@telegraph.co.uk')
,(50,'Meejo','22 Linden Street','Lucinda Berry','824-754-1464','lberry1d@com.com')
,(51,'Mudo','69103 Jay Park','Dominica Petrelli','889-663-5618','dpetrelli1e@va.gov')
,(52,'Photobug','555 Delladonna Place','Erik Edrich','761-680-2688','eedrich1f@histats.com')
,(53,'Bubblebox','09711 Muir Avenue','Juana Votier','682-127-9810','jvotier1g@businessinsider.com')
,(54,'Wikibox','48 Lillian Circle','Cob Rapson','360-406-7233','crapson1h@ca.gov')
,(55,'Gigazoom','85863 Grover Trail','Everett Adelman','476-710-2081','eadelman1i@google.com')
,(56,'Rhynoodle','7050 Transport Terrace','Craggie Yggo','117-993-1462','cyggo1j@paginegialle.it')
,(57,'Tekfly','3580 Vidon Point','Donni Stother','294-310-8014','dstother1k@wufoo.com')
,(58,'Roodel','6793 Mesta Avenue','Ives Boulstridge','961-788-7658','iboulstridge1l@surveymonkey.com')
,(59,'Wikivu','4580 Straubel Parkway','Cordie McQuarter','382-347-7034','cmcquarter1m@wikia.com')
,(60,'Linkbuzz','66587 Oneill Point','Marlena Srawley','148-797-3411','msrawley1n@marketwatch.com');
INSERT INTO Stores(RestockOrderID,ProductID,Quantity) VALUES
(233,13,163)
,(203,51,440)
,(136,39,955)
,(82,50,790)
,(114,31,426)
,(51,47,286)
,(52,15,706)
,(339,40,748)
,(20,45,806)
,(77,42,482)
,(234,54,603)
,(230,7,452)
,(95,33,456)
,(338,43,329)
,(332,52,890)
,(310,14,216)
,(370,30,460)
,(303,25,576)
,(54,21,170)
,(72,12,167)
,(115,6,249)
,(359,58,694)
,(337,22,142)
,(291,49,310)
,(32,48,955)
,(237,35,682)
,(166,55,589)
,(14,9,635)
,(299,59,701)
,(37,53,983)
,(12,29,952)
,(237,46,974)
,(35,45,596)
,(242,28,589)
,(126,60,122)
,(324,23,800)
,(279,51,573)
,(312,14,806)
,(54,59,221)
,(67,36,390)
,(342,29,564)
,(330,26,539)
,(252,37,389)
,(173,18,690)
,(84,19,195)
,(78,39,375)
,(22,44,654)
,(366,58,133)
,(318,33,504)
,(390,5,724)
,(45,53,304)
,(391,3,634)
,(141,22,232)
,(207,1,850)
,(76,27,752)
,(72,57,942)
,(320,48,101)
,(287,10,220)
,(168,38,446)
,(338,32,584)
,(15,42,202)
,(332,40,514)
,(38,18,723)
,(178,27,930)
,(139,54,179)
,(84,46,266)
,(104,55,935)
,(186,38,304)
,(141,5,472)
,(111,8,149)
,(197,41,520)
,(263,32,924)
,(366,28,824)
,(103,36,670)
,(107,42,334)
,(163,35,215)
,(55,40,783)
,(233,23,685)
,(250,9,452)
,(210,30,846)
,(34,47,634)
,(381,51,599)
,(303,50,831)
,(340,49,309)
,(33,6,101)
,(275,21,137)
,(346,56,905)
,(391,19,495)
,(120,11,629)
,(237,60,385)
,(40,2,685)
,(213,44,448)
,(211,53,829)
,(84,29,806)
,(244,31,845)
,(247,10,550)
,(124,49,899)
,(231,56,301)
,(27,3,287)
,(367,44,754)
,(168,1,196)
,(292,51,415)
,(346,59,981)
,(57,27,182)
,(397,25,667)
,(378,28,206)
,(135,4,389)
,(237,6,407)
,(190,14,653)
,(116,17,675)
,(83,34,557)
,(368,24,486)
,(241,42,671)
,(252,18,891)
,(203,43,493)
,(98,39,485)
,(394,48,584)
,(126,13,295)
,(345,52,110)
,(249,50,247)
,(398,11,546)
,(176,47,247)
,(320,35,714)
,(214,21,860)
,(223,18,912)
,(217,9,178)
,(374,29,976)
,(192,55,762)
,(279,33,273)
,(186,32,875)
,(138,15,673)
,(370,35,364)
,(363,46,938)
,(344,42,959)
,(348,54,125)
,(79,24,216)
,(220,30,955)
,(127,52,181)
,(266,45,472)
,(262,19,439)
,(293,43,474)
,(386,28,683)
,(278,21,918)
,(182,12,753)
,(323,38,966)
,(356,2,933)
,(357,22,893)
,(304,16,211)
,(198,10,220)
,(270,37,674)
,(69,7,123)
,(187,27,663)
,(145,1,233)
,(369,47,506)
,(284,58,752)
,(294,2,407)
,(356,20,700)
,(369,44,248)
,(40,9,461)
,(378,28,196)
,(274,30,159)
,(385,6,665)
,(129,38,554)
,(391,60,509)
,(117,52,663)
,(343,12,683)
,(325,56,248)
,(227,39,380)
,(43,25,632)
,(296,34,219)
,(84,59,860)
,(314,14,792)
,(152,8,121)
,(253,4,901)
,(196,49,363)
,(65,58,592)
,(86,11,182)
,(316,31,134)
,(208,24,771)
,(92,16,669)
,(178,35,636)
,(396,53,926)
,(90,40,167)
,(214,17,639)
,(215,48,175)
,(310,41,251)
,(53,54,273)
,(1,50,826)
,(18,44,304)
,(205,19,667)
,(98,1,297)
,(93,5,180)
,(239,24,340)
,(294,4,454)
,(45,46,235)
,(315,11,957)
,(365,20,942)
,(119,12,691)
,(240,21,903)
,(33,58,953)
,(9,23,306)
,(206,43,584)
,(8,16,877)
,(112,37,535)
,(341,45,260)
,(375,34,825)
,(252,40,551)
,(270,8,538)
,(311,36,615)
,(237,7,971)
,(2,59,738)
,(165,38,618)
,(298,30,722)
,(332,6,916)
,(15,35,427)
,(187,48,258)
,(97,32,756)
,(200,48,576)
,(213,40,574)
,(329,19,433)
,(303,4,558)
,(191,58,633)
,(325,39,792)
,(238,3,269)
,(61,2,278)
,(90,26,191)
,(353,20,135)
,(73,36,844)
,(136,17,409)
,(8,30,275)
,(145,44,995)
,(197,22,476)
,(295,16,176)
,(306,60,281)
,(218,46,243)
,(259,7,305)
,(382,53,836)
,(23,37,910)
,(274,49,383)
,(268,1,686)
,(392,57,159)
,(216,45,999)
,(75,32,602)
,(161,31,258)
,(32,52,335)
,(315,12,263)
,(385,38,868)
,(130,56,210)
,(371,52,976)
,(154,53,329)
,(331,37,693)
,(49,5,883)
,(26,12,743)
,(183,58,539)
,(191,17,947)
,(146,43,502)
,(397,34,846)
,(271,55,418)
,(314,36,205)
,(157,56,617)
,(391,35,212)
,(29,8,615)
,(375,24,739)
,(252,16,873)
,(100,60,376)
,(163,2,968)
,(202,45,614)
,(117,57,194)
,(369,25,988)
,(321,49,836)
,(350,40,336)
,(51,31,329)
,(114,26,562)
,(386,47,632)
,(159,33,817)
,(153,51,989)
,(398,38,245)
,(363,48,669)
,(381,54,249)
,(52,19,557)
,(273,26,735)
,(10,23,516)
,(268,47,771)
,(254,21,928)
,(279,57,972)
,(243,8,103)
,(123,33,592)
,(156,12,397)
,(284,27,651)
,(23,24,240)
,(343,55,368)
,(49,17,767)
,(29,58,183)
,(161,43,288)
,(232,3,105)
,(244,56,981)
,(324,42,663)
,(298,7,676)
,(164,11,841)
,(316,49,852)
,(215,35,933)
,(246,32,368)
,(18,31,319)
,(149,20,533)
,(136,2,164)
,(144,6,104)
,(40,1,932)
,(88,9,975)
,(331,29,617)
,(43,44,806)
,(348,13,356)
,(200,11,634)
,(269,25,144)
,(317,5,863)
,(126,22,1000)
,(28,33,822)
,(214,29,553)
,(17,46,517)
,(247,4,808)
,(176,56,563)
,(18,50,211)
,(340,30,149)
,(398,15,259)
,(22,27,891)
,(304,48,367)
,(59,3,453)
,(63,2,254)
,(109,59,482)
,(378,39,883)
,(194,47,154)
,(236,51,321)
,(158,58,951)
,(105,28,498)
,(309,54,369)
,(85,8,886)
,(153,53,563)
,(362,45,249)
,(394,57,626)
,(252,37,241)
,(101,14,445)
,(358,44,905)
,(14,54,286)
,(230,35,674)
,(272,12,649)
,(220,18,876)
,(279,44,190)
,(216,11,411)
,(246,7,390)
,(98,46,189)
,(354,23,571)
,(353,17,806)
,(82,20,281)
,(39,26,537)
,(108,8,203)
,(363,55,207)
,(384,59,698)
,(215,19,373)
,(221,24,630)
,(328,13,247)
,(400,2,857)
,(139,31,870)
,(2,57,946)
,(17,41,407)
,(347,29,220)
,(15,27,577)
,(371,50,631)
,(87,30,985)
,(273,40,441)
,(333,21,367)
,(212,49,636)
,(173,58,767)
,(348,3,646)
,(148,2,604)
,(17,11,686)
,(158,5,698)
,(172,6,219)
,(222,28,739)
,(196,26,526)
,(190,29,930)
,(71,22,335)
,(162,9,471)
,(351,21,992)
,(244,32,597)
,(60,16,571)
,(333,37,933)
,(123,49,217)
,(225,8,260)
,(170,53,194)
,(307,4,245)
,(334,52,701)
,(216,50,686)
,(328,42,511)
,(382,38,581)
,(100,15,127)
,(374,56,881)
,(388,48,354)
,(12,13,225)
,(41,7,835)
,(79,43,676)
,(267,55,662)
,(397,33,965)
,(224,34,922)
,(376,35,217)
,(201,9,824)
,(210,43,884)
,(337,58,718)
,(78,8,583)
,(122,48,687)
,(169,52,895)
,(173,47,483)
,(263,38,795)
,(108,50,814)
,(189,59,114)
,(57,7,378)
,(378,53,631)
,(350,10,967)
,(312,36,875)
,(395,31,443)
,(204,40,539)
,(274,42,782)
,(70,56,120)
,(52,12,346)
,(209,46,395)
,(105,18,274)
,(15,5,877)
,(190,15,931)
,(224,37,861)
,(47,3,488)
,(288,39,638)
,(214,54,874)
,(325,29,201)
,(178,2,429)
,(48,23,332)
,(90,26,209)
,(183,22,135)
,(358,19,893)
,(29,38,474)
,(67,49,326)
,(99,25,920)
,(282,37,995)
,(91,14,333)
,(152,21,220)
,(197,48,600)
,(189,55,322)
,(62,50,635)
,(49,57,345)
,(212,40,501)
,(68,23,227)
,(32,41,652)
,(236,54,503)
,(105,15,283)
,(162,43,464)
,(200,52,359)
,(262,42,461)
,(201,3,188)
,(352,45,895)
,(95,4,554)
,(85,16,956)
,(272,24,173)
,(226,1,328)
,(178,46,110)
,(20,13,264)
,(87,58,844)
,(2,28,843)
,(140,33,248)
,(256,24,784)
,(374,3,701)
,(266,59,711)
,(50,34,608)
,(95,17,949)
,(198,55,182)
,(59,41,200)
,(331,18,406)
,(148,37,724)
,(177,30,466)
,(48,58,876)
,(222,13,157)
,(55,28,969)
,(225,20,612)
,(250,7,300)
,(207,33,848)
,(252,54,825)
,(112,56,522)
,(311,35,296)
,(366,36,516)
,(19,5,437)
,(272,8,694)
,(6,60,108)
,(97,16,384)
,(166,15,810)
,(220,19,341)
,(280,45,829)
,(139,57,250)
,(295,46,950)
,(367,6,293)
,(384,21,222)
,(160,50,116)
,(397,8,305)
,(108,38,796)
,(208,56,977)
,(335,7,416)
,(326,47,425)
,(311,12,721)
,(171,57,281)
,(11,3,561)
,(175,40,880)
,(359,28,826)
,(84,4,282)
,(103,20,465)
,(17,30,761)
,(166,43,589)
,(124,23,479)
,(172,18,717)
,(146,11,825)
,(360,44,743)
,(288,2,850)
,(129,33,614)
,(22,51,851)
,(132,13,362)
,(147,21,313)
,(358,36,945)
,(260,32,481)
,(95,1,650)
,(248,60,374)
,(72,26,227)
,(57,34,658)
,(266,46,348)
,(121,14,675)
,(142,46,324)
,(152,35,674)
,(23,56,347)
,(107,22,337)
,(45,8,625)
,(17,20,379)
,(257,31,768)
,(312,11,786)
,(8,12,364)
,(297,29,943)
,(11,32,770)
,(48,47,549)
,(314,51,577)
,(157,10,186)
,(175,60,618)
,(307,38,416)
,(396,27,240)
,(344,26,642)
,(166,4,473)
,(377,49,654)
,(310,48,104)
,(1,5,508)
,(179,42,449)
,(164,25,994)
,(137,45,542)
,(240,7,899)
,(219,21,763)
,(201,57,671)
,(241,3,482)
,(229,19,778)
,(302,26,408)
,(218,3,665)
,(114,13,392)
,(276,10,384)
,(68,12,218)
,(36,51,217)
,(343,56,888)
,(250,19,656)
,(163,39,605)
,(365,34,406)
,(70,6,543)
,(279,8,616)
,(215,41,414)
,(359,2,856)
,(24,60,794)
,(205,24,456)
,(207,9,790)
,(311,53,769)
,(225,33,230)
,(128,49,337)
,(234,5,527)
,(53,48,125)
,(79,37,259)
,(191,35,185)
,(40,16,409)
,(144,30,216)
,(100,54,821)
,(337,18,838)
,(366,28,581)
,(325,47,755)
,(96,31,407)
,(49,47,356)
,(228,50,694)
,(129,9,296)
,(155,52,400)
,(28,35,777)
,(157,48,181)
,(112,11,979)
,(167,16,988)
,(99,59,948)
,(389,21,719)
,(217,1,693)
,(110,46,112)
,(21,41,557)
,(261,6,180)
,(68,4,257)
,(347,5,688)
,(399,36,160)
,(62,20,490)
,(372,57,941)
,(242,28,257)
,(336,23,488)
,(360,22,186)
,(248,51,919)
,(199,38,658)
,(332,7,657)
,(290,19,796)
,(255,34,481)
,(251,58,751)
,(66,13,204)
,(294,25,429)
,(386,42,608)
,(341,32,648)
,(213,13,350)
,(23,28,157)
,(293,53,491)
,(215,46,694)
,(247,35,456)
,(219,6,142)
,(220,42,991)
,(193,12,326)
,(151,48,159)
,(352,3,818)
,(280,31,641)
,(300,45,163)
,(134,54,184)
,(346,34,267)
,(120,47,887)
,(136,56,514)
,(385,43,764)
,(172,26,863)
,(348,17,961)
,(176,50,927)
,(227,51,430)
,(101,27,869)
,(309,9,698)
,(24,37,953)
,(229,40,492)
,(203,18,860)
,(278,49,569)
,(281,1,261)
,(387,30,723)
,(310,52,947)
,(132,22,688)
,(102,53,723)
,(121,36,512)
,(336,20,856)
,(97,51,521)
,(258,8,837)
,(335,48,795)
,(316,49,449)
,(137,27,911)
,(341,42,109)
,(20,54,115)
,(389,10,147)
,(308,1,170)
,(322,26,184)
,(69,39,237)
,(252,30,407)
,(106,5,614)
,(35,50,152)
,(396,14,983)
,(8,29,101)
,(130,6,677)
,(370,28,733)
,(380,40,224)
,(256,18,506)
,(236,55,854)
,(313,13,452)
,(267,11,335)
,(66,9,138)
,(204,44,130)
,(90,33,842)
,(388,34,339)
,(165,53,300)
,(314,57,511)
,(97,31,203)
,(31,41,647)
,(174,8,246)
,(386,12,473)
,(390,5,991)
,(18,14,130)
,(325,48,515)
,(300,60,665)
,(96,52,403)
,(145,30,442)
,(350,46,481)
,(33,3,683)
,(371,36,944)
,(242,45,299)
,(230,17,407)
,(341,49,376)
,(137,24,268)
,(143,6,176)
,(202,9,409)
,(197,59,270)
,(34,13,878)
,(353,1,106)
,(235,34,148)
,(108,54,915)
,(310,4,901)
,(85,23,182)
,(44,26,807)
,(94,18,878)
,(209,56,719)
,(144,31,725)
,(84,32,813)
,(188,13,905)
,(207,4,718)
,(199,38,633)
,(367,47,275)
,(113,3,680)
,(262,20,980)
,(18,57,344)
,(10,24,969)
,(66,21,992)
,(138,54,314)
,(9,56,193)
,(353,11,915)
,(175,10,214)
,(49,48,888)
,(389,58,748)
,(173,18,505)
,(191,9,366)
,(45,22,272)
,(59,53,704)
,(22,14,260)
,(184,52,152)
,(67,34,131)
,(311,55,683)
,(202,49,649)
,(26,25,153)
,(221,23,156)
,(248,7,723)
,(62,12,208)
,(238,16,931)
,(342,26,200)
,(385,29,454)
,(19,21,549)
,(149,15,992)
,(139,24,175)
,(161,47,191)
,(43,44,318)
,(67,2,378)
,(314,1,574)
,(190,23,269)
,(34,36,581)
,(386,42,227)
,(48,5,853)
,(100,25,864)
,(171,13,110)
,(135,40,256)
,(129,19,471)
,(145,57,427)
,(282,55,170)
,(94,60,873)
,(293,8,937)
,(7,37,533)
,(71,31,599)
,(289,45,906)
,(363,22,700)
,(228,7,630)
,(348,9,599)
,(333,20,333)
,(92,38,687)
,(55,18,995)
,(22,27,651)
,(370,51,389)
,(47,2,690)
,(186,1,801)
,(10,46,696)
,(242,32,152)
,(319,19,845)
,(307,27,588)
,(68,52,986)
,(67,7,743)
,(346,23,896)
,(49,17,392)
,(313,57,693)
,(190,26,458)
,(206,48,581)
,(363,45,143)
,(373,9,705)
,(202,16,581)
,(137,40,532)
,(123,15,584)
,(99,56,300)
,(140,20,973)
,(125,25,193)
,(233,5,161)
,(327,13,987)
,(396,6,743)
,(211,42,759)
,(268,41,181)
,(170,59,868)
,(66,54,675)
,(252,60,444)
,(63,53,346)
,(47,50,462)
,(217,15,709)
,(378,46,378)
,(152,27,414)
,(157,38,336)
,(315,4,503)
,(260,13,411)
,(257,28,237)
,(31,11,185)
,(13,3,959)
,(185,49,872)
,(338,42,276)
,(239,23,350)
,(323,32,288)
,(150,25,360)
,(50,40,995)
,(262,59,472)
,(233,5,761)
,(28,31,819)
,(39,56,720)
,(296,36,832)
,(164,55,496)
,(277,58,732)
,(114,52,571)
,(108,41,906)
,(313,33,238)
,(15,57,667)
,(42,20,319)
,(275,14,570)
,(226,51,436)
,(141,47,511)
,(143,24,412)
,(281,55,296)
,(394,10,456)
,(76,50,938)
,(315,44,486)
,(108,53,933)
,(376,34,275)
,(8,52,336)
,(231,5,870)
,(344,4,139)
,(326,16,743)
,(242,6,965)
,(206,48,721)
,(12,29,1000)
,(362,25,709)
,(73,23,563)
,(199,41,410)
,(149,33,950)
,(348,49,292)
,(196,17,336)
,(139,8,303)
,(216,32,684)
,(64,30,383)
,(288,54,672)
,(219,14,726)
,(26,35,165)
,(67,36,700)
,(201,47,851)
,(115,19,182)
,(178,31,532)
,(249,39,881)
,(326,30,386)
,(233,48,736)
,(339,11,820)
,(280,6,809)
,(40,20,115)
,(50,29,406)
,(238,43,828)
,(359,55,822)
,(247,14,885)
,(182,49,760)
,(56,38,408)
,(350,50,566)
,(150,53,465)
,(31,9,237)
,(83,39,859)
,(267,45,437)
,(200,1,588)
,(303,15,728)
,(3,27,598)
,(287,21,879)
,(223,10,876)
,(312,40,826)
,(294,5,126)
,(64,44,390)
,(22,8,107)
,(245,28,412)
,(317,32,457)
,(346,46,388)
,(151,37,694)
,(160,22,333)
,(37,60,381)
,(140,3,117)
,(399,14,141)
,(100,10,873)
,(213,59,197)
,(49,17,629)
,(25,21,280)
,(228,26,997)
,(256,34,917)
,(398,30,619)
,(31,31,870)
,(201,24,360)
,(180,57,855)
,(273,44,959)
,(371,19,914)
,(135,50,987)
,(349,9,229)
,(255,27,785)
,(328,52,596)
,(10,20,988)
,(103,2,175)
,(391,46,720)
,(243,22,189)
,(132,49,458)
,(254,5,435)
,(168,23,820)
,(339,54,719)
,(342,48,370)
,(98,43,775)
,(47,60,137)
,(66,41,772)
,(101,15,582)
,(107,26,567)
,(94,13,633)
,(72,53,952)
,(259,20,121)
,(379,59,983)
,(189,29,858)
,(128,5,652)
,(179,24,218)
,(295,1,911)
,(393,52,643)
,(190,14,155)
,(110,55,817)
,(7,47,837)
,(369,34,941)
,(296,9,108)
,(354,23,724)
,(149,54,962)
,(321,4,262)
,(387,50,749)
,(135,51,691)
,(218,31,216)
,(96,25,710)
,(138,6,351)
,(182,42,786)
,(286,39,678)
,(203,12,382)
,(145,16,840)
,(261,58,707)
,(161,22,940)
,(324,46,517)
,(125,21,964)
,(179,6,357)
,(49,53,912)
,(194,47,745)
,(100,24,607)
,(368,50,106)
,(227,20,642)
,(117,35,361)
,(150,37,261)
,(162,54,606)
,(197,58,702)
,(36,32,290)
,(319,15,343)
,(189,27,583)
,(23,57,993)
,(28,42,778)
,(266,39,989)
,(202,28,757)
,(250,38,734)
,(8,8,157)
,(244,19,345)
,(393,10,915)
,(181,14,691)
,(46,26,372)
,(220,48,446)
,(376,44,475)
,(316,12,503)
,(224,60,239)
,(295,21,909)
,(87,16,699)
,(12,11,866)
,(291,23,747)
,(314,43,797)
,(280,55,616)
,(15,41,623)
,(112,13,179)
,(364,52,975)
,(254,2,687)
,(336,31,120)
,(199,51,850);
INSERT INTO RestockOrderItems(RestockOrderID,SupplierID,StoreID,ShippedDate,RecievedDate) VALUES
(1,1,55,'1/5/2024','9/21/2024')
,(2,50,60,'8/11/2023','10/3/2024')
,(3,31,40,'7/10/2023','3/25/2025')
,(4,3,1,'1/11/2024','6/9/2024')
,(5,33,35,'7/20/2023','10/20/2024')
,(6,56,51,'10/1/2023','10/31/2024')
,(7,12,10,'12/9/2023','1/12/2025')
,(8,13,14,'8/16/2023','10/11/2024')
,(9,35,7,'1/23/2024','8/9/2024')
,(10,14,45,'9/6/2023','5/21/2024')
,(11,28,3,'3/5/2024','4/26/2024')
,(12,27,48,'3/23/2024','6/18/2024')
,(13,42,8,'9/12/2023','2/15/2025')
,(14,43,47,'10/7/2023','10/26/2024')
,(15,27,48,'8/2/2023','3/8/2025')
,(16,15,12,'9/29/2023','9/20/2024')
,(17,20,53,'12/27/2023','6/29/2024')
,(18,16,37,'10/30/2023','8/27/2024')
,(19,12,39,'6/8/2023','8/14/2024')
,(20,28,33,'1/15/2024','4/18/2025')
,(21,18,60,'7/21/2023','4/14/2025')
,(22,26,38,'3/22/2024','11/18/2024')
,(23,22,23,'11/23/2023','10/19/2024')
,(24,8,43,'9/7/2023','4/20/2025')
,(25,32,22,'4/29/2023','9/23/2024')
,(26,1,43,'5/13/2023','10/13/2024')
,(27,2,42,'10/5/2023','3/28/2025')
,(28,7,9,'6/16/2023','8/27/2024')
,(29,30,33,'9/9/2023','1/26/2025')
,(30,31,55,'10/24/2023','11/10/2024')
,(31,45,6,'2/21/2024','9/23/2024')
,(32,13,30,'5/5/2023','1/16/2025')
,(33,23,16,'4/30/2023','9/24/2024')
,(34,40,23,'8/10/2023','11/5/2024')
,(35,57,29,'2/21/2024','9/2/2024')
,(36,29,27,'7/17/2023','6/16/2024')
,(37,43,53,'3/2/2024','2/9/2025')
,(38,26,24,'5/8/2023','11/17/2024')
,(39,50,20,'7/15/2023','4/20/2025')
,(40,2,45,'8/28/2023','9/25/2024')
,(41,11,41,'3/25/2024','9/8/2024')
,(42,27,47,'7/9/2023','12/31/2024')
,(43,45,5,'9/30/2023','10/30/2024')
,(44,16,58,'6/28/2023','11/20/2024')
,(45,32,6,'11/23/2023','6/27/2024')
,(46,22,37,'1/14/2024','2/21/2025')
,(47,24,29,'6/2/2023','12/20/2024')
,(48,39,7,'4/21/2023','10/3/2024')
,(49,27,37,'11/3/2023','9/3/2024')
,(50,38,44,'11/20/2023','3/24/2025')
,(51,46,23,'9/13/2023','8/11/2024')
,(52,48,11,'3/26/2024','8/8/2024')
,(53,47,56,'10/12/2023','4/13/2025')
,(54,18,55,'8/14/2023','10/16/2024')
,(55,21,47,'1/21/2024','7/28/2024')
,(56,55,7,'4/16/2024','5/17/2024')
,(57,8,25,'2/28/2024','4/20/2025')
,(58,22,53,'12/28/2023','11/25/2024')
,(59,33,46,'7/29/2023','10/2/2024')
,(60,24,29,'1/27/2024','7/23/2024')
,(61,30,25,'1/14/2024','11/6/2024')
,(62,24,55,'7/27/2023','1/17/2025')
,(63,55,2,'6/14/2023','4/4/2025')
,(64,22,58,'8/9/2023','3/3/2025')
,(65,41,16,'11/9/2023','8/22/2024')
,(66,19,6,'5/3/2023','7/29/2024')
,(67,27,38,'6/20/2023','5/14/2024')
,(68,18,18,'11/25/2023','9/26/2024')
,(69,20,23,'1/31/2024','3/7/2025')
,(70,3,40,'4/16/2024','4/10/2025')
,(71,11,31,'1/12/2024','9/11/2024')
,(72,53,27,'9/13/2023','12/11/2024')
,(73,23,17,'10/24/2023','9/29/2024')
,(74,12,24,'8/10/2023','1/6/2025')
,(75,27,59,'1/6/2024','12/12/2024')
,(76,2,6,'5/27/2023','2/27/2025')
,(77,45,7,'7/31/2023','6/5/2024')
,(78,38,19,'9/26/2023','12/15/2024')
,(79,8,3,'4/3/2024','2/21/2025')
,(80,48,53,'5/4/2023','7/10/2024')
,(81,9,1,'5/31/2023','6/23/2024')
,(82,39,13,'1/28/2024','2/17/2025')
,(83,25,11,'6/8/2023','12/15/2024')
,(84,56,57,'11/22/2023','4/20/2025')
,(85,59,36,'3/5/2024','1/26/2025')
,(86,54,20,'3/13/2024','4/7/2025')
,(87,10,9,'8/23/2023','12/5/2024')
,(88,53,14,'5/7/2023','9/24/2024')
,(89,50,49,'2/28/2024','3/7/2025')
,(90,2,41,'9/27/2023','12/2/2024')
,(91,57,12,'3/31/2024','3/23/2025')
,(92,40,60,'7/16/2023','4/18/2025')
,(93,30,40,'6/11/2023','12/25/2024')
,(94,20,2,'7/4/2023','2/25/2025')
,(95,3,59,'10/25/2023','10/15/2024')
,(96,32,31,'11/17/2023','6/16/2024')
,(97,3,23,'6/28/2023','10/10/2024')
,(98,27,55,'7/19/2023','2/27/2025')
,(99,35,60,'2/22/2024','3/2/2025')
,(100,59,24,'4/10/2024','4/7/2025')
,(101,6,29,'8/30/2023','7/30/2024')
,(102,5,46,'5/9/2023','11/6/2024')
,(103,54,22,'2/29/2024','6/30/2024')
,(104,23,17,'2/26/2024','11/6/2024')
,(105,9,9,'3/27/2024','3/2/2025')
,(106,17,18,'8/30/2023','2/13/2025')
,(107,11,44,'12/17/2023','3/4/2025')
,(108,21,4,'11/13/2023','6/30/2024')
,(109,20,12,'4/7/2024','5/18/2024')
,(110,44,58,'2/13/2024','7/17/2024')
,(111,42,50,'7/28/2023','8/21/2024')
,(112,2,48,'11/10/2023','9/13/2024')
,(113,55,11,'10/10/2023','1/10/2025')
,(114,34,31,'4/10/2024','4/9/2025')
,(115,6,38,'4/4/2024','5/31/2024')
,(116,43,42,'12/1/2023','11/16/2024')
,(117,4,28,'12/11/2023','6/17/2024')
,(118,56,22,'5/23/2023','10/2/2024')
,(119,53,1,'4/10/2024','8/18/2024')
,(120,59,5,'11/19/2023','9/29/2024')
,(121,7,29,'10/25/2023','3/21/2025')
,(122,58,47,'11/2/2023','6/28/2024')
,(123,36,5,'1/2/2024','8/4/2024')
,(124,50,25,'11/17/2023','12/12/2024')
,(125,28,12,'4/13/2024','9/1/2024')
,(126,46,19,'1/4/2024','1/25/2025')
,(127,15,60,'2/23/2024','9/17/2024')
,(128,5,48,'12/8/2023','3/31/2025')
,(129,13,17,'4/17/2024','5/12/2024')
,(130,60,6,'3/19/2024','9/14/2024')
,(131,42,26,'3/3/2024','10/15/2024')
,(132,8,42,'3/10/2024','3/27/2025')
,(133,58,26,'3/9/2024','3/31/2025')
,(134,12,45,'4/4/2024','9/3/2024')
,(135,23,50,'10/28/2023','12/12/2024')
,(136,19,32,'3/4/2024','1/20/2025')
,(137,16,21,'10/15/2023','8/31/2024')
,(138,25,58,'7/7/2023','2/22/2025')
,(139,44,20,'7/15/2023','3/29/2025')
,(140,41,44,'7/7/2023','8/14/2024')
,(141,57,18,'3/20/2024','5/22/2024')
,(142,34,43,'3/2/2024','10/22/2024')
,(143,30,48,'3/19/2024','4/8/2025')
,(144,51,6,'11/14/2023','6/15/2024')
,(145,59,29,'5/16/2023','10/26/2024')
,(146,16,31,'7/11/2023','3/26/2025')
,(147,50,45,'9/7/2023','4/2/2025')
,(148,26,48,'10/4/2023','4/1/2025')
,(149,39,52,'9/10/2023','4/7/2025')
,(150,46,50,'3/12/2024','12/25/2024')
,(151,44,8,'10/5/2023','8/20/2024')
,(152,13,15,'8/23/2023','6/1/2024')
,(153,18,4,'12/28/2023','12/3/2024')
,(154,36,38,'7/31/2023','5/22/2024')
,(155,52,9,'10/13/2023','3/18/2025')
,(156,48,46,'10/10/2023','10/8/2024')
,(157,50,49,'2/18/2024','7/25/2024')
,(158,11,59,'4/16/2024','8/12/2024')
,(159,57,54,'4/9/2024','3/18/2025')
,(160,7,17,'6/18/2023','2/18/2025')
,(161,16,9,'5/13/2023','1/7/2025')
,(162,46,51,'2/3/2024','6/14/2024')
,(163,53,55,'11/7/2023','6/26/2024')
,(164,22,25,'12/10/2023','12/16/2024')
,(165,18,5,'10/15/2023','8/13/2024')
,(166,38,19,'9/21/2023','2/6/2025')
,(167,55,12,'4/5/2024','6/25/2024')
,(168,25,32,'10/11/2023','6/6/2024')
,(169,18,6,'1/31/2024','2/14/2025')
,(170,7,35,'12/26/2023','12/11/2024')
,(171,6,15,'3/16/2024','6/14/2024')
,(172,31,9,'11/20/2023','12/16/2024')
,(173,47,36,'3/7/2024','6/11/2024')
,(174,22,14,'2/22/2024','10/28/2024')
,(175,53,42,'7/15/2023','4/18/2025')
,(176,25,37,'12/17/2023','8/7/2024')
,(177,11,58,'9/15/2023','5/8/2024')
,(178,35,33,'4/12/2024','5/29/2024')
,(179,14,19,'5/1/2023','7/25/2024')
,(180,16,52,'12/27/2023','3/20/2025')
,(181,35,23,'4/16/2024','12/7/2024')
,(182,23,50,'10/31/2023','6/30/2024')
,(183,49,35,'6/10/2023','11/8/2024')
,(184,30,57,'4/3/2024','12/21/2024')
,(185,13,29,'7/5/2023','3/21/2025')
,(186,6,42,'9/14/2023','1/26/2025')
,(187,5,39,'8/9/2023','11/11/2024')
,(188,10,3,'1/5/2024','5/31/2024')
,(189,47,45,'2/25/2024','4/21/2024')
,(190,37,36,'6/21/2023','10/10/2024')
,(191,25,30,'11/30/2023','10/18/2024')
,(192,20,19,'2/21/2024','10/27/2024')
,(193,47,25,'4/17/2024','7/19/2024')
,(194,16,43,'8/20/2023','12/26/2024')
,(195,46,24,'3/16/2024','2/15/2025')
,(196,38,59,'11/1/2023','6/11/2024')
,(197,54,44,'4/22/2023','11/20/2024')
,(198,12,22,'3/20/2024','6/29/2024')
,(199,59,23,'2/16/2024','7/6/2024')
,(200,58,46,'6/22/2023','4/15/2025')
,(201,15,55,'12/25/2023','1/18/2025')
,(202,37,15,'9/20/2023','10/29/2024')
,(203,27,40,'2/1/2024','11/25/2024')
,(204,29,21,'3/20/2024','4/30/2024')
,(205,32,34,'12/8/2023','3/11/2025')
,(206,14,40,'9/1/2023','5/9/2024')
,(207,40,42,'4/2/2024','11/1/2024')
,(208,24,14,'11/11/2023','12/22/2024')
,(209,13,52,'3/12/2024','8/11/2024')
,(210,54,26,'6/25/2023','11/23/2024')
,(211,44,21,'6/15/2023','9/12/2024')
,(212,12,32,'2/23/2024','1/4/2025')
,(213,42,16,'12/21/2023','4/30/2024')
,(214,3,18,'1/19/2024','7/25/2024')
,(215,28,49,'11/5/2023','7/21/2024')
,(216,4,31,'5/12/2023','11/5/2024')
,(217,3,42,'1/14/2024','6/25/2024')
,(218,48,45,'5/2/2023','9/17/2024')
,(219,1,52,'9/18/2023','8/19/2024')
,(220,40,6,'12/31/2023','2/18/2025')
,(221,46,32,'10/9/2023','9/21/2024')
,(222,4,50,'11/9/2023','7/3/2024')
,(223,59,37,'10/31/2023','6/13/2024')
,(224,14,43,'5/12/2023','4/7/2025')
,(225,49,44,'5/11/2023','11/26/2024')
,(226,2,19,'6/14/2023','4/6/2025')
,(227,41,20,'6/3/2023','1/12/2025')
,(228,52,33,'6/24/2023','9/3/2024')
,(229,20,46,'6/27/2023','4/7/2025')
,(230,6,31,'5/31/2023','1/3/2025')
,(231,57,22,'11/1/2023','3/2/2025')
,(232,17,51,'1/5/2024','1/15/2025')
,(233,43,9,'7/9/2023','12/3/2024')
,(234,35,21,'12/28/2023','9/15/2024')
,(235,49,50,'8/22/2023','1/8/2025')
,(236,37,7,'10/24/2023','2/24/2025')
,(237,10,30,'4/3/2024','3/8/2025')
,(238,33,26,'1/22/2024','9/11/2024')
,(239,18,17,'3/3/2024','2/13/2025')
,(240,48,1,'8/21/2023','2/4/2025')
,(241,13,46,'6/27/2023','8/13/2024')
,(242,27,47,'4/9/2024','12/13/2024')
,(243,53,11,'12/11/2023','1/18/2025')
,(244,33,31,'3/23/2024','11/15/2024')
,(245,31,16,'4/3/2024','1/1/2025')
,(246,8,58,'8/20/2023','11/27/2024')
,(247,57,24,'7/17/2023','9/15/2024')
,(248,43,49,'12/22/2023','4/20/2025')
,(249,21,41,'11/3/2023','5/27/2024')
,(250,5,60,'1/7/2024','12/2/2024')
,(251,4,44,'3/26/2024','3/1/2025')
,(252,38,19,'8/1/2023','2/5/2025')
,(253,44,45,'2/14/2024','9/2/2024')
,(254,46,40,'12/23/2023','4/9/2025')
,(255,59,21,'9/9/2023','2/4/2025')
,(256,34,29,'3/15/2024','4/8/2025')
,(257,45,33,'6/9/2023','1/4/2025')
,(258,3,42,'10/28/2023','4/20/2025')
,(259,35,31,'12/4/2023','11/25/2024')
,(260,4,12,'6/23/2023','9/11/2024')
,(261,22,52,'10/29/2023','12/10/2024')
,(262,15,7,'3/22/2024','5/18/2024')
,(263,42,20,'10/10/2023','7/31/2024')
,(264,36,22,'5/4/2023','10/29/2024')
,(265,60,14,'8/3/2023','7/6/2024')
,(266,22,28,'4/26/2023','9/11/2024')
,(267,5,57,'5/13/2023','8/12/2024')
,(268,23,16,'6/29/2023','10/2/2024')
,(269,35,53,'5/17/2023','6/1/2024')
,(270,17,15,'6/18/2023','11/13/2024')
,(271,43,47,'10/5/2023','7/23/2024')
,(272,37,60,'7/8/2023','7/27/2024')
,(273,36,3,'4/25/2023','3/24/2025')
,(274,2,48,'4/29/2023','1/3/2025')
,(275,29,6,'11/14/2023','12/26/2024')
,(276,57,49,'9/12/2023','4/18/2025')
,(277,26,19,'11/15/2023','11/23/2024')
,(278,16,60,'8/10/2023','7/6/2024')
,(279,54,57,'9/14/2023','7/18/2024')
,(280,41,15,'2/21/2024','10/12/2024')
,(281,47,40,'2/20/2024','10/10/2024')
,(282,1,30,'10/27/2023','11/1/2024')
,(283,14,22,'6/11/2023','3/5/2025')
,(284,32,23,'12/20/2023','3/29/2025')
,(285,58,28,'1/27/2024','11/21/2024')
,(286,27,45,'6/8/2023','9/11/2024')
,(287,13,25,'4/25/2023','3/26/2025')
,(288,9,48,'1/14/2024','11/13/2024')
,(289,21,10,'10/30/2023','4/1/2025')
,(290,2,50,'12/10/2023','2/15/2025')
,(291,23,58,'11/16/2023','10/2/2024')
,(292,14,55,'7/4/2023','5/20/2024')
,(293,48,6,'9/5/2023','11/22/2024')
,(294,17,27,'9/1/2023','3/4/2025')
,(295,19,33,'9/12/2023','11/29/2024')
,(296,18,9,'9/14/2023','2/15/2025')
,(297,11,51,'9/22/2023','2/7/2025')
,(298,49,34,'4/25/2023','10/31/2024')
,(299,51,60,'8/7/2023','1/17/2025')
,(300,3,1,'11/10/2023','8/27/2024')
,(301,29,2,'9/23/2023','6/21/2024')
,(302,17,18,'11/7/2023','5/30/2024')
,(303,20,28,'12/7/2023','2/5/2025')
,(304,48,51,'8/16/2023','11/17/2024')
,(305,55,45,'8/24/2023','9/28/2024')
,(306,45,4,'8/4/2023','4/23/2024')
,(307,38,14,'10/27/2023','2/13/2025')
,(308,2,21,'4/2/2024','6/11/2024')
,(309,10,41,'11/26/2023','9/6/2024')
,(310,52,27,'3/20/2024','5/6/2024')
,(311,16,23,'10/19/2023','6/2/2024')
,(312,43,56,'4/16/2024','7/5/2024')
,(313,3,56,'4/24/2023','11/8/2024')
,(314,15,55,'6/5/2023','1/31/2025')
,(315,1,53,'3/19/2024','11/11/2024')
,(316,4,8,'6/22/2023','12/11/2024')
,(317,9,60,'8/28/2023','1/2/2025')
,(318,19,21,'3/8/2024','7/21/2024')
,(319,11,5,'6/12/2023','5/5/2024')
,(320,50,25,'8/2/2023','1/21/2025')
,(321,47,6,'3/3/2024','8/2/2024')
,(322,30,51,'1/25/2024','10/26/2024')
,(323,45,1,'3/1/2024','12/8/2024')
,(324,48,37,'4/12/2024','7/10/2024')
,(325,35,19,'11/14/2023','8/5/2024')
,(326,57,36,'2/14/2024','4/10/2025')
,(327,20,45,'12/22/2023','2/28/2025')
,(328,28,58,'1/18/2024','11/4/2024')
,(329,22,10,'1/8/2024','4/21/2024')
,(330,29,50,'10/5/2023','9/30/2024')
,(331,8,31,'5/14/2023','7/18/2024')
,(332,24,27,'1/5/2024','2/4/2025')
,(333,44,9,'5/9/2023','1/9/2025')
,(334,7,55,'3/20/2024','6/3/2024')
,(335,15,54,'11/21/2023','6/11/2024')
,(336,51,47,'6/26/2023','7/16/2024')
,(337,6,59,'1/6/2024','1/31/2025')
,(338,60,25,'4/3/2024','10/29/2024')
,(339,8,38,'12/21/2023','11/8/2024')
,(340,54,40,'5/18/2023','11/3/2024')
,(341,55,13,'12/4/2023','2/24/2025')
,(342,43,21,'1/30/2024','11/14/2024')
,(343,36,24,'5/6/2023','7/1/2024')
,(344,51,41,'11/3/2023','11/11/2024')
,(345,5,22,'10/13/2023','2/14/2025')
,(346,16,27,'11/7/2023','12/2/2024')
,(347,37,57,'1/16/2024','1/15/2025')
,(348,11,23,'6/21/2023','7/13/2024')
,(349,14,39,'1/24/2024','6/15/2024')
,(350,23,15,'10/5/2023','7/7/2024')
,(351,38,51,'6/25/2023','1/8/2025')
,(352,24,19,'11/19/2023','2/11/2025')
,(353,17,23,'10/7/2023','9/17/2024')
,(354,15,7,'8/30/2023','9/18/2024')
,(355,5,36,'7/24/2023','2/21/2025')
,(356,46,27,'10/13/2023','3/27/2025')
,(357,28,46,'12/1/2023','10/23/2024')
,(358,3,21,'1/14/2024','11/17/2024')
,(359,4,56,'1/25/2024','6/15/2024')
,(360,51,44,'1/19/2024','9/10/2024')
,(361,11,14,'3/14/2024','11/24/2024')
,(362,21,42,'6/3/2023','11/7/2024')
,(363,20,1,'11/5/2023','9/1/2024')
,(364,53,48,'9/18/2023','11/5/2024')
,(365,10,7,'8/12/2023','12/8/2024')
,(366,33,55,'10/3/2023','9/27/2024')
,(367,56,54,'2/10/2024','9/16/2024')
,(368,13,10,'3/16/2024','12/5/2024')
,(369,35,32,'4/10/2024','11/7/2024')
,(370,29,49,'2/20/2024','12/24/2024')
,(371,57,18,'4/12/2024','2/25/2025')
,(372,16,39,'11/18/2023','6/19/2024')
,(373,31,5,'4/9/2024','11/30/2024')
,(374,35,33,'5/12/2023','9/6/2024')
,(375,22,34,'5/17/2023','9/13/2024')
,(376,28,18,'6/16/2023','9/11/2024')
,(377,17,42,'8/25/2023','4/9/2025')
,(378,21,21,'6/11/2023','6/2/2024')
,(379,51,31,'11/28/2023','7/3/2024')
,(380,45,51,'9/27/2023','6/6/2024')
,(381,9,40,'12/25/2023','8/20/2024')
,(382,32,10,'1/16/2024','6/10/2024')
,(383,8,60,'3/15/2024','7/22/2024')
,(384,25,36,'1/1/2024','7/29/2024')
,(385,29,29,'9/27/2023','4/3/2025')
,(386,39,20,'12/26/2023','7/27/2024')
,(387,6,39,'1/8/2024','7/11/2024')
,(388,12,17,'8/26/2023','8/7/2024')
,(389,52,25,'1/26/2024','11/25/2024')
,(390,59,16,'11/24/2023','11/2/2024')
,(391,46,26,'5/31/2023','1/6/2025')
,(392,7,22,'8/9/2023','6/16/2024')
,(393,27,9,'8/7/2023','12/3/2024')
,(394,37,53,'4/2/2024','12/19/2024')
,(395,13,44,'8/12/2023','4/13/2025')
,(396,56,13,'8/12/2023','3/17/2025')
,(397,41,59,'11/16/2023','8/8/2024')
,(398,47,37,'8/23/2023','12/24/2024')
,(399,18,50,'7/17/2023','12/17/2024')
,(400,43,56,'2/15/2024','3/22/2025');
INSERT INTO RestockOrders(PurchaseID,ProductID,Quantity) VALUES
(24,37,612)
,(137,21,836)
,(115,34,411)
,(198,59,393)
,(116,12,369)
,(253,49,121)
,(100,57,223)
,(132,48,629)
,(178,14,664)
,(236,44,664)
,(103,46,327)
,(215,22,796)
,(149,23,343)
,(56,6,645)
,(59,41,603)
,(135,4,904)
,(58,2,771)
,(119,47,799)
,(234,7,348)
,(232,10,851)
,(191,26,567)
,(154,60,991)
,(2,51,272)
,(128,54,137)
,(51,17,937)
,(298,3,423)
,(30,1,830)
,(181,19,861)
,(94,55,145)
,(272,43,108)
,(254,25,811)
,(185,20,963)
,(260,11,792)
,(121,57,527)
,(33,60,729)
,(218,22,130)
,(102,2,146)
,(296,10,729)
,(248,15,625)
,(26,14,750)
,(166,55,391)
,(254,34,261)
,(195,39,624)
,(27,37,585)
,(297,17,949)
,(230,54,143)
,(83,26,370)
,(131,32,149)
,(148,41,235)
,(196,4,184)
,(172,29,414)
,(11,9,441)
,(175,50,290)
,(104,33,497)
,(208,35,400)
,(216,18,458)
,(65,24,737)
,(220,21,141)
,(42,49,515)
,(214,53,873)
,(57,23,220)
,(149,58,515)
,(158,40,694)
,(298,58,966)
,(131,20,797)
,(38,60,750)
,(182,41,791)
,(198,29,129)
,(84,46,645)
,(242,49,724)
,(3,33,326)
,(240,35,177)
,(216,55,196)
,(80,32,380)
,(124,51,322)
,(49,53,330)
,(150,45,997)
,(180,12,476)
,(281,43,590)
,(69,30,800)
,(237,38,475)
,(178,34,201)
,(91,13,516)
,(270,37,466)
,(15,39,855)
,(260,8,966)
,(154,11,812)
,(39,3,467)
,(52,9,539)
,(133,6,637)
,(179,26,397)
,(26,56,511)
,(268,59,139)
,(113,56,399)
,(69,2,883)
,(197,10,347)
,(248,37,591)
,(10,28,424)
,(207,39,663)
,(55,20,943)
,(222,14,825)
,(266,19,660)
,(78,52,612)
,(100,12,190)
,(11,13,838)
,(173,55,685)
,(284,57,541)
,(212,53,319)
,(160,5,891)
,(206,7,517)
,(25,23,131)
,(295,17,871)
,(59,54,330)
,(96,43,619)
,(5,38,544)
,(246,36,396)
,(217,1,527)
,(72,18,664)
,(44,9,236)
,(294,15,468)
,(76,45,417)
,(52,44,102)
,(32,47,880)
,(102,22,882)
,(93,23,783)
,(7,53,418)
,(26,2,215)
,(137,39,674)
,(247,56,162)
,(195,4,153)
,(204,7,829)
,(167,40,648)
,(61,55,757)
,(46,46,696)
,(209,33,990)
,(5,44,332)
,(59,18,809)
,(9,16,361)
,(240,11,738)
,(272,43,144)
,(14,30,168)
,(162,47,774)
,(293,35,331)
,(278,60,654)
,(143,26,297)
,(286,10,176)
,(6,28,902)
,(3,49,214)
,(20,34,487)
,(208,12,782)
,(256,8,541)
,(223,21,189)
,(64,25,622)
,(65,52,350)
,(177,13,906)
,(139,23,845)
,(232,38,421)
,(245,9,615)
,(281,22,516)
,(290,1,557)
,(164,43,164)
,(122,37,155)
,(254,58,202)
,(150,33,924)
,(253,26,970)
,(184,36,933)
,(275,14,816)
,(87,51,346)
,(256,17,708)
,(149,11,710)
,(268,3,239)
,(171,48,213)
,(111,10,989)
,(57,56,747)
,(20,6,267)
,(98,32,849)
,(263,54,893)
,(227,42,537)
,(269,47,722)
,(69,44,320)
,(136,27,421)
,(241,55,283)
,(250,60,234)
,(9,21,453)
,(14,40,195)
,(1,49,709)
,(242,5,684)
,(141,53,187)
,(119,25,421)
,(228,3,229)
,(47,50,447)
,(193,36,279)
,(201,12,524)
,(179,26,504)
,(103,16,401)
,(236,45,370)
,(274,15,793)
,(281,18,435)
,(104,9,253)
,(208,54,817)
,(41,20,957)
,(107,32,370)
,(266,40,485)
,(65,59,644)
,(13,52,395)
,(159,38,857)
,(285,10,165)
,(142,30,959)
,(197,31,367)
,(6,23,639)
,(111,48,926)
,(14,2,744)
,(156,58,713)
,(250,39,778)
,(96,4,752)
,(175,57,579)
,(28,44,442)
,(44,58,412)
,(287,32,964)
,(84,26,124)
,(220,16,908)
,(171,18,269)
,(267,37,278)
,(293,35,722)
,(265,53,585)
,(185,46,985)
,(79,11,994)
,(300,30,881)
,(158,5,372)
,(86,33,175)
,(260,50,828)
,(69,21,821)
,(100,1,649)
,(294,6,202)
,(239,38,124)
,(30,59,717)
,(176,52,836)
,(213,13,751)
,(129,3,926)
,(268,45,493)
,(85,27,925)
,(211,57,622)
,(273,12,737)
,(28,15,614)
,(250,39,903)
,(178,55,693)
,(140,48,912)
,(275,28,438)
,(218,11,121)
,(213,13,326)
,(119,41,527)
,(75,5,637)
,(178,33,472)
,(86,16,424)
,(258,20,303)
,(284,46,855)
,(193,32,537)
,(181,45,783)
,(285,57,431)
,(232,42,869)
,(163,2,146)
,(13,25,964)
,(55,37,387)
,(240,28,614)
,(212,30,659)
,(12,10,311)
,(217,43,814)
,(74,56,879)
,(95,18,422)
,(188,4,661)
,(60,24,687)
,(127,34,297)
,(237,29,924)
,(14,36,410)
,(265,59,297)
,(214,23,902)
,(225,44,751)
,(33,27,342)
,(226,38,807)
,(148,22,841)
,(61,37,316)
,(158,59,588)
,(18,24,823)
,(95,31,194)
,(114,46,272)
,(145,38,980)
,(15,1,101)
,(198,30,199)
,(16,19,896)
,(105,7,957)
,(233,47,433)
,(239,20,498)
,(182,28,581)
,(93,4,893)
,(24,54,775)
,(44,56,169)
,(152,16,926)
,(17,29,634)
,(244,57,465)
,(215,3,631)
,(69,34,791)
,(47,53,396)
,(77,49,789)
,(254,25,992)
,(206,50,668)
,(45,15,476)
,(227,26,382)
,(37,32,761)
,(156,33,195)
,(157,13,162)
,(289,59,932)
,(71,46,445)
,(214,4,555)
,(299,5,280)
,(14,13,637)
,(22,55,541)
,(54,2,956)
,(219,3,331)
,(90,17,647)
,(35,22,590)
,(25,37,801)
,(112,52,326)
,(240,41,615)
,(28,33,906)
,(191,31,611)
,(287,48,634)
,(248,6,927)
,(103,54,244)
,(239,40,737)
,(154,25,502)
,(17,19,598)
,(31,11,618)
,(38,38,198)
,(296,53,110)
,(43,45,426)
,(236,12,678)
,(164,9,716)
,(244,8,194)
,(158,28,305)
,(94,57,186)
,(59,14,480)
,(59,22,450)
,(4,28,881)
,(38,54,661)
,(132,20,223)
,(50,48,897)
,(104,2,376)
,(17,52,388)
,(243,33,354)
,(184,51,392)
,(198,49,716)
,(224,10,938)
,(90,32,115)
,(152,58,481)
,(208,40,644)
,(13,25,360)
,(22,42,808)
,(215,26,693)
,(186,60,721)
,(258,37,362)
,(124,38,359)
,(165,43,626)
,(180,14,920)
,(173,11,906)
,(144,24,143)
,(203,3,211)
,(160,39,620)
,(190,12,396)
,(86,6,408)
,(156,1,519)
,(228,59,579)
,(234,4,452)
,(113,54,241)
,(45,28,378)
,(56,58,393)
,(194,18,339)
,(154,44,631)
,(202,43,773)
,(245,22,382)
,(97,36,479)
,(299,4,606)
,(294,33,872)
,(211,38,467)
,(4,57,684)
,(38,19,254)
,(176,41,734)
,(233,26,812)
,(68,27,389)
,(25,52,508)
,(275,24,710)
,(37,8,204)
,(70,12,990)
,(32,31,153)
,(31,16,875)
,(10,3,712)
,(241,21,467)
,(28,49,389)
,(145,48,961)
,(84,55,575)
,(169,59,321)
,(298,37,447)
,(42,35,748)
,(256,29,807)
,(120,10,631)
,(88,49,858)
,(37,32,769)
,(4,15,289)
,(168,60,273)
,(16,51,204)
,(185,24,188)
,(163,25,110)
,(202,3,566)
,(167,11,287)
,(43,12,387)
,(85,30,572)
,(104,2,725)
,(198,55,515)
,(138,40,519)
,(181,48,905)
,(160,59,825)
,(169,41,809)
,(241,19,101)
,(121,47,155)
,(81,29,614)
,(153,58,588)
,(183,7,984)
,(62,4,438)
,(213,5,270)
,(33,26,677)
,(199,36,530)
,(70,16,352)
,(264,33,883)
,(145,56,672)
,(188,44,174)
,(169,56,233)
,(95,29,166)
,(256,50,623)
,(114,31,364)
,(241,44,285)
,(200,32,239)
,(57,1,581)
,(156,51,799)
,(18,6,646)
,(270,39,305)
,(79,22,158)
,(182,5,314)
,(121,25,165)
,(86,38,719)
,(10,43,127)
,(161,59,143)
,(247,18,440)
,(82,55,607)
,(25,26,564)
,(22,42,518)
,(252,57,639)
,(111,54,860)
,(145,14,753)
,(30,36,586)
,(243,37,937)
,(105,16,886)
,(244,10,849)
,(122,33,376)
,(118,53,871)
,(88,13,907)
,(92,28,438)
,(62,52,281)
,(12,30,370)
,(245,41,375)
,(169,15,280)
,(47,38,502)
,(69,17,421)
,(291,1,915)
,(118,5,684)
,(147,22,204)
,(115,7,711)
,(13,32,651)
,(67,44,992)
,(54,47,226)
,(73,37,525)
,(254,59,325)
,(230,36,336)
,(82,21,621)
,(282,55,228)
,(101,53,754)
,(3,3,330)
,(23,56,648)
,(129,8,578)
,(140,16,472)
,(243,42,403)
,(293,19,443)
,(32,10,140)
,(92,13,362)
,(144,31,618)
,(41,51,152)
,(64,58,205)
,(154,60,243)
,(97,3,421)
,(131,52,832)
,(256,11,177)
,(157,4,213)
,(22,7,617)
,(263,41,461)
,(216,31,539)
,(170,1,683)
,(206,37,635)
,(188,16,528)
,(14,21,635)
,(272,50,517)
,(164,45,777)
,(153,9,852)
,(251,46,240)
,(167,14,187)
,(229,35,154)
,(168,36,479)
,(36,5,125)
,(276,43,888)
,(194,30,863)
,(287,34,717)
,(109,19,935)
,(154,27,436)
,(285,49,866)
,(275,42,617)
,(18,56,693)
,(238,39,122)
,(249,55,797)
,(162,33,799)
,(173,12,196)
,(68,2,935)
,(76,36,261)
,(166,16,321)
,(125,27,815)
,(230,56,676)
,(138,1,824)
,(167,39,461)
,(189,31,290)
,(153,49,552)
,(82,55,576)
,(268,7,335)
,(200,6,878)
,(67,44,911)
,(212,8,629)
,(215,53,417)
,(159,33,660)
,(105,25,237)
,(175,32,912)
,(264,22,157)
,(225,50,349)
,(5,13,120)
,(180,29,839)
,(171,40,557)
,(278,48,433)
,(188,24,639)
,(249,60,799)
,(300,30,957)
,(54,37,284)
,(283,38,303)
,(203,18,253)
,(228,17,289)
,(287,16,109)
,(151,10,484)
,(133,24,373)
,(182,56,732)
,(178,44,291)
,(231,35,708)
,(184,18,332)
,(235,14,829)
,(85,31,397)
,(86,46,424)
,(216,26,391)
,(224,7,562)
,(227,51,338)
,(195,2,810)
,(203,1,857)
,(87,15,262)
,(289,12,234)
,(211,28,794)
,(208,48,743)
,(175,29,584)
,(53,55,788)
,(1,23,521)
,(220,40,852)
,(238,52,430)
,(237,45,281)
,(247,32,150)
,(38,19,237)
,(60,38,527)
,(279,8,368)
,(54,3,385)
,(292,39,212)
,(282,49,974)
,(198,50,960)
,(296,4,870)
,(220,33,503)
,(25,45,766)
,(21,5,304)
,(45,29,181)
,(76,52,163)
,(177,53,991)
,(29,1,715)
,(214,26,582)
,(294,27,211)
,(199,24,920)
,(291,30,454)
,(289,32,808)
,(299,47,755)
,(118,17,891)
,(227,15,542)
,(277,11,477)
,(2,25,204)
,(44,59,521)
,(272,48,639)
,(156,39,330)
,(6,10,388)
,(244,51,766)
,(250,57,216)
,(160,60,644)
,(34,40,415)
,(129,37,600)
,(175,8,268)
,(215,19,490)
,(120,2,291)
,(79,14,895)
,(132,3,643)
,(59,39,250)
,(182,21,116)
,(185,4,221)
,(28,37,571)
,(42,46,153)
,(195,56,149)
,(110,11,365)
,(203,6,423)
,(296,58,790)
,(99,18,250)
,(179,31,905)
,(218,43,128)
,(52,1,748)
,(172,16,121)
,(263,50,365)
,(114,26,852)
,(231,38,989)
,(221,35,701)
,(130,25,985)
,(229,36,940)
,(138,29,695)
,(10,33,829)
,(104,41,949)
,(43,53,629)
,(29,55,881)
,(84,20,779)
,(90,60,442)
,(271,19,265)
,(297,19,527)
,(287,31,456)
,(253,49,225)
,(67,6,786)
,(39,56,827)
,(248,12,685)
,(254,44,792)
,(198,10,344)
,(281,50,152)
,(172,43,359)
,(24,47,494)
,(298,24,444)
,(243,29,585)
,(199,2,421)
,(251,34,987)
,(125,25,164)
,(139,59,977)
,(245,42,296)
,(37,30,462)
,(219,53,496)
,(279,14,277)
,(3,20,833)
,(124,11,390)
,(214,3,579)
,(84,21,324)
,(154,48,120)
,(231,37,627)
,(223,8,969)
,(294,4,955)
,(83,15,653)
,(166,39,503)
,(223,47,622)
,(172,42,713)
,(288,22,369)
,(141,21,390)
,(1,20,876)
,(157,54,255)
,(278,36,797)
,(37,44,975)
,(63,10,388)
,(128,6,875)
,(185,60,375)
,(45,33,303)
,(257,56,970)
,(249,19,561)
,(137,48,510)
,(240,28,761)
,(81,34,417)
,(140,3,268)
,(254,18,590)
,(50,35,624)
,(273,46,679)
,(216,16,757)
,(182,55,422)
,(215,52,697)
,(51,8,688)
,(94,17,435)
,(246,2,669)
,(100,9,734)
,(7,1,364)
,(79,39,800)
,(87,38,555)
,(299,17,405)
,(128,52,108)
,(79,32,616)
,(250,54,182)
,(213,58,902)
,(205,57,780)
,(209,49,422)
,(241,7,197)
,(149,25,830)
,(183,3,150)
,(12,44,508)
,(26,29,477)
,(39,34,463)
,(243,2,981)
,(75,48,821)
,(192,33,482)
,(148,14,568)
,(145,47,546)
,(195,55,942)
,(6,8,345)
,(246,31,288)
,(68,9,597)
,(242,60,522)
,(48,23,790)
,(235,40,613)
,(116,39,238)
,(298,59,653)
,(144,36,477)
,(59,20,155)
,(185,19,724)
,(234,22,350)
,(299,42,418)
,(103,21,791)
,(116,10,748)
,(38,25,290)
,(223,38,733)
,(127,58,864)
,(270,6,373)
,(112,14,961)
,(43,28,834)
,(62,36,828)
,(92,30,272)
,(63,34,558)
,(27,53,185)
,(187,46,759)
,(208,49,769)
,(14,19,448)
,(245,55,895)
,(202,60,359)
,(252,31,905)
,(110,43,685)
,(234,24,423)
,(113,50,723)
,(79,41,141)
,(251,12,164)
,(165,35,384)
,(45,52,261)
,(46,40,663)
,(157,27,574)
,(30,48,444)
,(104,32,304)
,(33,5,704)
,(168,37,399)
,(239,23,659)
,(27,56,424)
,(229,43,915)
,(246,55,731)
,(142,60,922)
,(49,7,523)
,(164,21,520)
,(266,39,190)
,(178,50,753)
,(192,31,118)
,(206,49,340)
,(255,25,641)
,(260,9,241)
,(169,27,632)
,(78,51,580)
,(220,29,304)
,(18,38,800)
,(43,24,802)
,(248,6,328)
,(155,4,944)
,(287,52,791)
,(293,30,741)
,(24,57,908)
,(184,8,912)
,(249,33,737)
,(259,58,643)
,(63,28,744)
,(127,41,724)
,(91,45,303)
,(79,42,802)
,(166,4,493)
,(219,7,869)
,(59,44,196)
,(132,47,742)
,(245,19,463)
,(32,27,509)
,(199,59,729)
,(222,40,335)
,(276,24,224)
,(21,14,536)
,(4,1,416)
,(93,26,920)
,(200,18,588)
,(83,10,623)
,(171,15,972)
,(137,3,666)
,(232,58,901)
,(214,9,116)
,(63,8,749)
,(25,11,184)
,(61,36,253)
,(55,13,588)
,(22,20,256)
,(72,54,391)
,(283,34,109)
,(297,39,593)
,(11,43,800)
,(249,31,908)
,(80,2,672)
,(111,38,987)
,(150,42,478)
,(63,53,802)
,(262,26,1000)
,(136,8,442)
,(158,17,646)
,(83,1,246)
,(244,20,176)
,(74,5,711)
,(42,23,847)
,(70,14,806)
,(79,7,681)
,(3,60,184)
,(144,42,965)
,(44,56,553)
,(273,15,563)
,(228,22,183)
,(17,38,283)
,(252,57,527)
,(165,32,910)
,(207,28,511)
,(221,9,764)
,(126,6,439)
,(234,54,198)
,(35,16,200)
,(190,52,501)
,(31,43,585)
,(200,29,320)
,(277,35,896)
,(178,45,339)
,(229,39,691)
,(197,55,233)
,(120,10,424)
,(262,34,257)
,(197,8,711)
,(261,30,930)
,(19,22,168)
,(277,42,100)
,(65,12,664)
,(250,57,438)
,(241,18,644)
,(46,40,906)
,(25,53,467)
,(213,38,132)
,(54,2,970)
,(240,32,374)
,(278,14,829)
,(288,55,457)
,(26,43,304)
,(140,50,995)
,(258,36,581)
,(293,27,820)
,(118,9,367)
,(263,19,398)
,(12,11,889)
,(90,54,115)
,(37,44,259)
,(158,7,283)
,(175,21,751)
,(102,49,473)
,(89,37,581)
,(123,29,622)
,(91,33,167)
,(111,59,682)
,(32,37,235)
,(145,31,229)
,(230,53,203)
,(254,19,733)
,(30,1,316)
,(33,34,988)
,(247,40,688)
,(156,10,923)
,(208,43,532)
,(169,20,756)
,(183,21,888)
,(151,2,867)
,(210,42,445)
,(167,50,612)
,(14,35,384)
,(174,11,846)
,(173,60,381)
,(5,22,261)
,(206,7,206)
,(209,5,140)
,(25,30,289)
,(26,44,192)
,(267,24,492)
,(36,15,820)
,(152,48,685)
,(31,29,917)
,(264,4,237)
,(213,58,686)
,(68,38,607)
,(277,54,426)
,(28,23,312)
,(15,48,867)
,(132,33,482)
,(285,19,185)
,(112,15,389)
,(27,38,525)
,(66,32,566)
,(260,4,929)
,(38,37,639)
,(119,51,430)
,(24,26,436)
,(50,49,816)
,(214,47,838)
,(289,59,652)
,(243,3,378)
,(202,42,762)
,(248,56,580)
,(233,16,632)
,(87,46,131)
,(211,54,489)
,(164,12,724)
,(158,36,507)
,(249,50,951)
,(22,11,475)
,(77,43,841)
,(109,44,448)
,(180,34,527)
,(83,58,852)
,(197,28,592)
,(125,14,880)
,(188,60,797)
,(40,6,781)
,(68,12,421)
,(242,37,553)
,(2,44,951)
,(249,51,371)
,(115,42,587)
,(241,29,445)
,(220,21,816)
,(31,1,507)
,(48,49,424)
,(161,16,570)
,(136,45,149)
,(122,38,431)
,(137,6,177)
,(99,57,179)
,(270,28,402)
,(169,48,774)
,(104,26,124)
,(159,10,160)
,(33,40,206)
,(265,41,298)
,(240,31,760)
,(94,14,902)
,(3,20,323)
,(37,39,356)
,(232,50,591)
,(24,58,229)
,(56,7,740)
,(283,15,734)
,(151,2,367)
,(59,8,621)
,(246,56,945)
,(60,27,221)
,(230,46,718)
,(133,32,615)
,(11,54,474)
,(202,19,688)
,(231,24,157)
,(89,18,957)
,(217,59,580);
INSERT INTO RestockOrders(PurchaseID,ProductID,Quantity) VALUES
(24,37,612)
,(137,21,836)
,(115,34,411)
,(198,59,393)
,(116,12,369)
,(253,49,121)
,(100,57,223)
,(132,48,629)
,(178,14,664)
,(236,44,664)
,(103,46,327)
,(215,22,796)
,(149,23,343)
,(56,6,645)
,(59,41,603)
,(135,4,904)
,(58,2,771)
,(119,47,799)
,(234,7,348)
,(232,10,851)
,(191,26,567)
,(154,60,991)
,(2,51,272)
,(128,54,137)
,(51,17,937)
,(298,3,423)
,(30,1,830)
,(181,19,861)
,(94,55,145)
,(272,43,108)
,(254,25,811)
,(185,20,963)
,(260,11,792)
,(121,57,527)
,(33,60,729)
,(218,22,130)
,(102,2,146)
,(296,10,729)
,(248,15,625)
,(26,14,750)
,(166,55,391)
,(254,34,261)
,(195,39,624)
,(27,37,585)
,(297,17,949)
,(230,54,143)
,(83,26,370)
,(131,32,149)
,(148,41,235)
,(196,4,184)
,(172,29,414)
,(11,9,441)
,(175,50,290)
,(104,33,497)
,(208,35,400)
,(216,18,458)
,(65,24,737)
,(220,21,141)
,(42,49,515)
,(214,53,873)
,(57,23,220)
,(149,58,515)
,(158,40,694)
,(298,58,966)
,(131,20,797)
,(38,60,750)
,(182,41,791)
,(198,29,129)
,(84,46,645)
,(242,49,724)
,(3,33,326)
,(240,35,177)
,(216,55,196)
,(80,32,380)
,(124,51,322)
,(49,53,330)
,(150,45,997)
,(180,12,476)
,(281,43,590)
,(69,30,800)
,(237,38,475)
,(178,34,201)
,(91,13,516)
,(270,37,466)
,(15,39,855)
,(260,8,966)
,(154,11,812)
,(39,3,467)
,(52,9,539)
,(133,6,637)
,(179,26,397)
,(26,56,511)
,(268,59,139)
,(113,56,399)
,(69,2,883)
,(197,10,347)
,(248,37,591)
,(10,28,424)
,(207,39,663)
,(55,20,943)
,(222,14,825)
,(266,19,660)
,(78,52,612)
,(100,12,190)
,(11,13,838)
,(173,55,685)
,(284,57,541)
,(212,53,319)
,(160,5,891)
,(206,7,517)
,(25,23,131)
,(295,17,871)
,(59,54,330)
,(96,43,619)
,(5,38,544)
,(246,36,396)
,(217,1,527)
,(72,18,664)
,(44,9,236)
,(294,15,468)
,(76,45,417)
,(52,44,102)
,(32,47,880)
,(102,22,882)
,(93,23,783)
,(7,53,418)
,(26,2,215)
,(137,39,674)
,(247,56,162)
,(195,4,153)
,(204,7,829)
,(167,40,648)
,(61,55,757)
,(46,46,696)
,(209,33,990)
,(5,44,332)
,(59,18,809)
,(9,16,361)
,(240,11,738)
,(272,43,144)
,(14,30,168)
,(162,47,774)
,(293,35,331)
,(278,60,654)
,(143,26,297)
,(286,10,176)
,(6,28,902)
,(3,49,214)
,(20,34,487)
,(208,12,782)
,(256,8,541)
,(223,21,189)
,(64,25,622)
,(65,52,350)
,(177,13,906)
,(139,23,845)
,(232,38,421)
,(245,9,615)
,(281,22,516)
,(290,1,557)
,(164,43,164)
,(122,37,155)
,(254,58,202)
,(150,33,924)
,(253,26,970)
,(184,36,933)
,(275,14,816)
,(87,51,346)
,(256,17,708)
,(149,11,710)
,(268,3,239)
,(171,48,213)
,(111,10,989)
,(57,56,747)
,(20,6,267)
,(98,32,849)
,(263,54,893)
,(227,42,537)
,(269,47,722)
,(69,44,320)
,(136,27,421)
,(241,55,283)
,(250,60,234)
,(9,21,453)
,(14,40,195)
,(1,49,709)
,(242,5,684)
,(141,53,187)
,(119,25,421)
,(228,3,229)
,(47,50,447)
,(193,36,279)
,(201,12,524)
,(179,26,504)
,(103,16,401)
,(236,45,370)
,(274,15,793)
,(281,18,435)
,(104,9,253)
,(208,54,817)
,(41,20,957)
,(107,32,370)
,(266,40,485)
,(65,59,644)
,(13,52,395)
,(159,38,857)
,(285,10,165)
,(142,30,959)
,(197,31,367)
,(6,23,639)
,(111,48,926)
,(14,2,744)
,(156,58,713)
,(250,39,778)
,(96,4,752)
,(175,57,579)
,(28,44,442)
,(44,58,412)
,(287,32,964)
,(84,26,124)
,(220,16,908)
,(171,18,269)
,(267,37,278)
,(293,35,722)
,(265,53,585)
,(185,46,985)
,(79,11,994)
,(300,30,881)
,(158,5,372)
,(86,33,175)
,(260,50,828)
,(69,21,821)
,(100,1,649)
,(294,6,202)
,(239,38,124)
,(30,59,717)
,(176,52,836)
,(213,13,751)
,(129,3,926)
,(268,45,493)
,(85,27,925)
,(211,57,622)
,(273,12,737)
,(28,15,614)
,(250,39,903)
,(178,55,693)
,(140,48,912)
,(275,28,438)
,(218,11,121)
,(213,13,326)
,(119,41,527)
,(75,5,637)
,(178,33,472)
,(86,16,424)
,(258,20,303)
,(284,46,855)
,(193,32,537)
,(181,45,783)
,(285,57,431)
,(232,42,869)
,(163,2,146)
,(13,25,964)
,(55,37,387)
,(240,28,614)
,(212,30,659)
,(12,10,311)
,(217,43,814)
,(74,56,879)
,(95,18,422)
,(188,4,661)
,(60,24,687)
,(127,34,297)
,(237,29,924)
,(14,36,410)
,(265,59,297)
,(214,23,902)
,(225,44,751)
,(33,27,342)
,(226,38,807)
,(148,22,841)
,(61,37,316)
,(158,59,588)
,(18,24,823)
,(95,31,194)
,(114,46,272)
,(145,38,980)
,(15,1,101)
,(198,30,199)
,(16,19,896)
,(105,7,957)
,(233,47,433)
,(239,20,498)
,(182,28,581)
,(93,4,893)
,(24,54,775)
,(44,56,169)
,(152,16,926)
,(17,29,634)
,(244,57,465)
,(215,3,631)
,(69,34,791)
,(47,53,396)
,(77,49,789)
,(254,25,992)
,(206,50,668)
,(45,15,476)
,(227,26,382)
,(37,32,761)
,(156,33,195)
,(157,13,162)
,(289,59,932)
,(71,46,445)
,(214,4,555)
,(299,5,280)
,(14,13,637)
,(22,55,541)
,(54,2,956)
,(219,3,331)
,(90,17,647)
,(35,22,590)
,(25,37,801)
,(112,52,326)
,(240,41,615)
,(28,33,906)
,(191,31,611)
,(287,48,634)
,(248,6,927)
,(103,54,244)
,(239,40,737)
,(154,25,502)
,(17,19,598)
,(31,11,618)
,(38,38,198)
,(296,53,110)
,(43,45,426)
,(236,12,678)
,(164,9,716)
,(244,8,194)
,(158,28,305)
,(94,57,186)
,(59,14,480)
,(59,22,450)
,(4,28,881)
,(38,54,661)
,(132,20,223)
,(50,48,897)
,(104,2,376)
,(17,52,388)
,(243,33,354)
,(184,51,392)
,(198,49,716)
,(224,10,938)
,(90,32,115)
,(152,58,481)
,(208,40,644)
,(13,25,360)
,(22,42,808)
,(215,26,693)
,(186,60,721)
,(258,37,362)
,(124,38,359)
,(165,43,626)
,(180,14,920)
,(173,11,906)
,(144,24,143)
,(203,3,211)
,(160,39,620)
,(190,12,396)
,(86,6,408)
,(156,1,519)
,(228,59,579)
,(234,4,452)
,(113,54,241)
,(45,28,378)
,(56,58,393)
,(194,18,339)
,(154,44,631)
,(202,43,773)
,(245,22,382)
,(97,36,479)
,(299,4,606)
,(294,33,872)
,(211,38,467)
,(4,57,684)
,(38,19,254)
,(176,41,734)
,(233,26,812)
,(68,27,389)
,(25,52,508)
,(275,24,710)
,(37,8,204)
,(70,12,990)
,(32,31,153)
,(31,16,875)
,(10,3,712)
,(241,21,467)
,(28,49,389)
,(145,48,961)
,(84,55,575)
,(169,59,321)
,(298,37,447)
,(42,35,748)
,(256,29,807)
,(120,10,631)
,(88,49,858)
,(37,32,769)
,(4,15,289)
,(168,60,273)
,(16,51,204)
,(185,24,188)
,(163,25,110)
,(202,3,566)
,(167,11,287)
,(43,12,387)
,(85,30,572)
,(104,2,725)
,(198,55,515)
,(138,40,519)
,(181,48,905)
,(160,59,825)
,(169,41,809)
,(241,19,101)
,(121,47,155)
,(81,29,614)
,(153,58,588)
,(183,7,984)
,(62,4,438)
,(213,5,270)
,(33,26,677)
,(199,36,530)
,(70,16,352)
,(264,33,883)
,(145,56,672)
,(188,44,174)
,(169,56,233)
,(95,29,166)
,(256,50,623)
,(114,31,364)
,(241,44,285)
,(200,32,239)
,(57,1,581)
,(156,51,799)
,(18,6,646)
,(270,39,305)
,(79,22,158)
,(182,5,314)
,(121,25,165)
,(86,38,719)
,(10,43,127)
,(161,59,143)
,(247,18,440)
,(82,55,607)
,(25,26,564)
,(22,42,518)
,(252,57,639)
,(111,54,860)
,(145,14,753)
,(30,36,586)
,(243,37,937)
,(105,16,886)
,(244,10,849)
,(122,33,376)
,(118,53,871)
,(88,13,907)
,(92,28,438)
,(62,52,281)
,(12,30,370)
,(245,41,375)
,(169,15,280)
,(47,38,502)
,(69,17,421)
,(291,1,915)
,(118,5,684)
,(147,22,204)
,(115,7,711)
,(13,32,651)
,(67,44,992)
,(54,47,226)
,(73,37,525)
,(254,59,325)
,(230,36,336)
,(82,21,621)
,(282,55,228)
,(101,53,754)
,(3,3,330)
,(23,56,648)
,(129,8,578)
,(140,16,472)
,(243,42,403)
,(293,19,443)
,(32,10,140)
,(92,13,362)
,(144,31,618)
,(41,51,152)
,(64,58,205)
,(154,60,243)
,(97,3,421)
,(131,52,832)
,(256,11,177)
,(157,4,213)
,(22,7,617)
,(263,41,461)
,(216,31,539)
,(170,1,683)
,(206,37,635)
,(188,16,528)
,(14,21,635)
,(272,50,517)
,(164,45,777)
,(153,9,852)
,(251,46,240)
,(167,14,187)
,(229,35,154)
,(168,36,479)
,(36,5,125)
,(276,43,888)
,(194,30,863)
,(287,34,717)
,(109,19,935)
,(154,27,436)
,(285,49,866)
,(275,42,617)
,(18,56,693)
,(238,39,122)
,(249,55,797)
,(162,33,799)
,(173,12,196)
,(68,2,935)
,(76,36,261)
,(166,16,321)
,(125,27,815)
,(230,56,676)
,(138,1,824)
,(167,39,461)
,(189,31,290)
,(153,49,552)
,(82,55,576)
,(268,7,335)
,(200,6,878)
,(67,44,911)
,(212,8,629)
,(215,53,417)
,(159,33,660)
,(105,25,237)
,(175,32,912)
,(264,22,157)
,(225,50,349)
,(5,13,120)
,(180,29,839)
,(171,40,557)
,(278,48,433)
,(188,24,639)
,(249,60,799)
,(300,30,957)
,(54,37,284)
,(283,38,303)
,(203,18,253)
,(228,17,289)
,(287,16,109)
,(151,10,484)
,(133,24,373)
,(182,56,732)
,(178,44,291)
,(231,35,708)
,(184,18,332)
,(235,14,829)
,(85,31,397)
,(86,46,424)
,(216,26,391)
,(224,7,562)
,(227,51,338)
,(195,2,810)
,(203,1,857)
,(87,15,262)
,(289,12,234)
,(211,28,794)
,(208,48,743)
,(175,29,584)
,(53,55,788)
,(1,23,521)
,(220,40,852)
,(238,52,430)
,(237,45,281)
,(247,32,150)
,(38,19,237)
,(60,38,527)
,(279,8,368)
,(54,3,385)
,(292,39,212)
,(282,49,974)
,(198,50,960)
,(296,4,870)
,(220,33,503)
,(25,45,766)
,(21,5,304)
,(45,29,181)
,(76,52,163)
,(177,53,991)
,(29,1,715)
,(214,26,582)
,(294,27,211)
,(199,24,920)
,(291,30,454)
,(289,32,808)
,(299,47,755)
,(118,17,891)
,(227,15,542)
,(277,11,477)
,(2,25,204)
,(44,59,521)
,(272,48,639)
,(156,39,330)
,(6,10,388)
,(244,51,766)
,(250,57,216)
,(160,60,644)
,(34,40,415)
,(129,37,600)
,(175,8,268)
,(215,19,490)
,(120,2,291)
,(79,14,895)
,(132,3,643)
,(59,39,250)
,(182,21,116)
,(185,4,221)
,(28,37,571)
,(42,46,153)
,(195,56,149)
,(110,11,365)
,(203,6,423)
,(296,58,790)
,(99,18,250)
,(179,31,905)
,(218,43,128)
,(52,1,748)
,(172,16,121)
,(263,50,365)
,(114,26,852)
,(231,38,989)
,(221,35,701)
,(130,25,985)
,(229,36,940)
,(138,29,695)
,(10,33,829)
,(104,41,949)
,(43,53,629)
,(29,55,881)
,(84,20,779)
,(90,60,442)
,(271,19,265)
,(297,19,527)
,(287,31,456)
,(253,49,225)
,(67,6,786)
,(39,56,827)
,(248,12,685)
,(254,44,792)
,(198,10,344)
,(281,50,152)
,(172,43,359)
,(24,47,494)
,(298,24,444)
,(243,29,585)
,(199,2,421)
,(251,34,987)
,(125,25,164)
,(139,59,977)
,(245,42,296)
,(37,30,462)
,(219,53,496)
,(279,14,277)
,(3,20,833)
,(124,11,390)
,(214,3,579)
,(84,21,324)
,(154,48,120)
,(231,37,627)
,(223,8,969)
,(294,4,955)
,(83,15,653)
,(166,39,503)
,(223,47,622)
,(172,42,713)
,(288,22,369)
,(141,21,390)
,(1,20,876)
,(157,54,255)
,(278,36,797)
,(37,44,975)
,(63,10,388)
,(128,6,875)
,(185,60,375)
,(45,33,303)
,(257,56,970)
,(249,19,561)
,(137,48,510)
,(240,28,761)
,(81,34,417)
,(140,3,268)
,(254,18,590)
,(50,35,624)
,(273,46,679)
,(216,16,757)
,(182,55,422)
,(215,52,697)
,(51,8,688)
,(94,17,435)
,(246,2,669)
,(100,9,734)
,(7,1,364)
,(79,39,800)
,(87,38,555)
,(299,17,405)
,(128,52,108)
,(79,32,616)
,(250,54,182)
,(213,58,902)
,(205,57,780)
,(209,49,422)
,(241,7,197)
,(149,25,830)
,(183,3,150)
,(12,44,508)
,(26,29,477)
,(39,34,463)
,(243,2,981)
,(75,48,821)
,(192,33,482)
,(148,14,568)
,(145,47,546)
,(195,55,942)
,(6,8,345)
,(246,31,288)
,(68,9,597)
,(242,60,522)
,(48,23,790)
,(235,40,613)
,(116,39,238)
,(298,59,653)
,(144,36,477)
,(59,20,155)
,(185,19,724)
,(234,22,350)
,(299,42,418)
,(103,21,791)
,(116,10,748)
,(38,25,290)
,(223,38,733)
,(127,58,864)
,(270,6,373)
,(112,14,961)
,(43,28,834)
,(62,36,828)
,(92,30,272)
,(63,34,558)
,(27,53,185)
,(187,46,759)
,(208,49,769)
,(14,19,448)
,(245,55,895)
,(202,60,359)
,(252,31,905)
,(110,43,685)
,(234,24,423)
,(113,50,723)
,(79,41,141)
,(251,12,164)
,(165,35,384)
,(45,52,261)
,(46,40,663)
,(157,27,574)
,(30,48,444)
,(104,32,304)
,(33,5,704)
,(168,37,399)
,(239,23,659)
,(27,56,424)
,(229,43,915)
,(246,55,731)
,(142,60,922)
,(49,7,523)
,(164,21,520)
,(266,39,190)
,(178,50,753)
,(192,31,118)
,(206,49,340)
,(255,25,641)
,(260,9,241)
,(169,27,632)
,(78,51,580)
,(220,29,304)
,(18,38,800)
,(43,24,802)
,(248,6,328)
,(155,4,944)
,(287,52,791)
,(293,30,741)
,(24,57,908)
,(184,8,912)
,(249,33,737)
,(259,58,643)
,(63,28,744)
,(127,41,724)
,(91,45,303)
,(79,42,802)
,(166,4,493)
,(219,7,869)
,(59,44,196)
,(132,47,742)
,(245,19,463)
,(32,27,509)
,(199,59,729)
,(222,40,335)
,(276,24,224)
,(21,14,536)
,(4,1,416)
,(93,26,920)
,(200,18,588)
,(83,10,623)
,(171,15,972)
,(137,3,666)
,(232,58,901)
,(214,9,116)
,(63,8,749)
,(25,11,184)
,(61,36,253)
,(55,13,588)
,(22,20,256)
,(72,54,391)
,(283,34,109)
,(297,39,593)
,(11,43,800)
,(249,31,908)
,(80,2,672)
,(111,38,987)
,(150,42,478)
,(63,53,802)
,(262,26,1000)
,(136,8,442)
,(158,17,646)
,(83,1,246)
,(244,20,176)
,(74,5,711)
,(42,23,847)
,(70,14,806)
,(79,7,681)
,(3,60,184)
,(144,42,965)
,(44,56,553)
,(273,15,563)
,(228,22,183)
,(17,38,283)
,(252,57,527)
,(165,32,910)
,(207,28,511)
,(221,9,764)
,(126,6,439)
,(234,54,198)
,(35,16,200)
,(190,52,501)
,(31,43,585)
,(200,29,320)
,(277,35,896)
,(178,45,339)
,(229,39,691)
,(197,55,233)
,(120,10,424)
,(262,34,257)
,(197,8,711)
,(261,30,930)
,(19,22,168)
,(277,42,100)
,(65,12,664)
,(250,57,438)
,(241,18,644)
,(46,40,906)
,(25,53,467)
,(213,38,132)
,(54,2,970)
,(240,32,374)
,(278,14,829)
,(288,55,457)
,(26,43,304)
,(140,50,995)
,(258,36,581)
,(293,27,820)
,(118,9,367)
,(263,19,398)
,(12,11,889)
,(90,54,115)
,(37,44,259)
,(158,7,283)
,(175,21,751)
,(102,49,473)
,(89,37,581)
,(123,29,622)
,(91,33,167)
,(111,59,682)
,(32,37,235)
,(145,31,229)
,(230,53,203)
,(254,19,733)
,(30,1,316)
,(33,34,988)
,(247,40,688)
,(156,10,923)
,(208,43,532)
,(169,20,756)
,(183,21,888)
,(151,2,867)
,(210,42,445)
,(167,50,612)
,(14,35,384)
,(174,11,846)
,(173,60,381)
,(5,22,261)
,(206,7,206)
,(209,5,140)
,(25,30,289)
,(26,44,192)
,(267,24,492)
,(36,15,820)
,(152,48,685)
,(31,29,917)
,(264,4,237)
,(213,58,686)
,(68,38,607)
,(277,54,426)
,(28,23,312)
,(15,48,867)
,(132,33,482)
,(285,19,185)
,(112,15,389)
,(27,38,525)
,(66,32,566)
,(260,4,929)
,(38,37,639)
,(119,51,430)
,(24,26,436)
,(50,49,816)
,(214,47,838)
,(289,59,652)
,(243,3,378)
,(202,42,762)
,(248,56,580)
,(233,16,632)
,(87,46,131)
,(211,54,489)
,(164,12,724)
,(158,36,507)
,(249,50,951)
,(22,11,475)
,(77,43,841)
,(109,44,448)
,(180,34,527)
,(83,58,852)
,(197,28,592)
,(125,14,880)
,(188,60,797)
,(40,6,781)
,(68,12,421)
,(242,37,553)
,(2,44,951)
,(249,51,371)
,(115,42,587)
,(241,29,445)
,(220,21,816)
,(31,1,507)
,(48,49,424)
,(161,16,570)
,(136,45,149)
,(122,38,431)
,(137,6,177)
,(99,57,179)
,(270,28,402)
,(169,48,774)
,(104,26,124)
,(159,10,160)
,(33,40,206)
,(265,41,298)
,(240,31,760)
,(94,14,902)
,(3,20,323)
,(37,39,356)
,(232,50,591)
,(24,58,229)
,(56,7,740)
,(283,15,734)
,(151,2,367)
,(59,8,621)
,(246,56,945)
,(60,27,221)
,(230,46,718)
,(133,32,615)
,(11,54,474)
,(202,19,688)
,(231,24,157)
,(89,18,957)
,(217,59,580);
INSERT INTO Customers(Name,CustomerID,PhoneNumber,Email,RewardsMember) VALUES
('Noemi Fisbburne',1,'683-285-6559','nfisbburne0@oakley.com','true')
,('Gustavus Woodrough',2,'592-411-9409','gwoodrough1@eepurl.com','false')
,('Meridith Cowthard',3,'100-475-4272','mcowthard2@tinyurl.com','true')
,('Berta Davenall',4,'779-199-1836','bdavenall3@liveinternet.ru','false')
,('Kendra Crippen',5,'650-948-5655','kcrippen4@canalblog.com','false')
,('Xylina Wayte',6,'909-317-9739','xwayte5@angelfire.com','true')
,('Ailis Redhills',7,'719-953-1983','aredhills6@webnode.com','true')
,('Cassaundra Reubens',8,'177-530-1125','creubens7@cdbaby.com','true')
,('Leland Gunby',9,'752-883-5440','lgunby8@wisc.edu','true')
,('Eleen Coggles',10,'814-139-6995','ecoggles9@booking.com','false')
,('Kerwin Ateggart',11,'582-945-6465','kateggarta@businessweek.com','true')
,('Anatola Glancy',12,'955-715-1639','aglancyb@seattletimes.com','true')
,('Marlow Brownscombe',13,'362-772-5601','mbrownscombec@slashdot.org','false')
,('Frederico Tams',14,'220-229-2647','ftamsd@acquirethisname.com','true')
,('Allyn Cumesky',15,'870-911-0946','acumeskye@latimes.com','false')
,('Riannon Blackborow',16,'641-858-7488','rblackborowf@mozilla.org','true')
,('Verena Rosie',17,'394-398-1933','vrosieg@constantcontact.com','false')
,('Kirbee Springford',18,'727-379-2583','kspringfordh@google.com','true')
,('Ester Straine',19,'786-934-7362','estrainei@chicagotribune.com','true')
,('Nicolea Habbema',20,'424-676-2458','nhabbemaj@ebay.com','true')
,('Brockie Dargavel',21,'388-481-0606','bdargavelk@wunderground.com','true')
,('Gaye Philipet',22,'806-754-8494','gphilipetl@techcrunch.com','true')
,('Brendan Jurisic',23,'838-751-9370','bjurisicm@howstuffworks.com','true')
,('Georgianna Tomley',24,'282-339-5763','gtomleyn@jugem.jp','true')
,('Valera Bousler',25,'265-351-6112','vbouslero@geocities.jp','true')
,('Shepard Storks',26,'113-914-9065','sstorksp@adobe.com','false')
,('Verne Zack',27,'634-273-8254','vzackq@tripadvisor.com','true')
,('Rob Janning',28,'641-432-5708','rjanningr@amazonaws.com','false')
,('Reg Derkes',29,'955-265-1439','rderkess@cornell.edu','false')
,('Sophia Bourgeois',30,'201-746-8736','sbourgeoist@bigcartel.com','false')
,('Janelle Merlin',31,'933-260-7330','jmerlinu@bing.com','true')
,('Nahum Ballin',32,'862-129-9375','nballinv@purevolume.com','true')
,('Jodie Charge',33,'930-493-5737','jchargew@jigsy.com','false')
,('Leda Emblem',34,'297-264-0166','lemblemx@nsw.gov.au','false')
,('Lissie Jekel',35,'290-298-5283','ljekely@statcounter.com','true')
,('Ilyse Burdfield',36,'417-206-4040','iburdfieldz@dailymail.co.uk','false')
,('Emerson Laye',37,'929-488-8078','elaye10@bravesites.com','true')
,('Ferdinande Bolduc',38,'151-757-1163','fbolduc11@yelp.com','false')
,('Fritz Kirkup',39,'338-761-6614','fkirkup12@about.me','true')
,('Lyndy Churchin',40,'136-344-4973','lchurchin13@webeden.co.uk','false')
,('Viola Rumbelow',41,'893-213-7285','vrumbelow14@bravesites.com','true')
,('Verla Hindrich',42,'406-444-9676','vhindrich15@narod.ru','true')
,('Antonia Sylvester',43,'942-515-5298','asylvester16@lulu.com','true')
,('Maurice Sibson',44,'791-876-5504','msibson17@census.gov','true')
,('Carly Kleiser',45,'618-389-7398','ckleiser18@sakura.ne.jp','true')
,('Fanchon Stodd',46,'657-330-0482','fstodd19@aol.com','true')
,('Everett Fike',47,'170-974-7607','efike1a@wunderground.com','true')
,('Ruddy Dicke',48,'997-645-3415','rdicke1b@nymag.com','false')
,('Abe Dafydd',49,'197-703-0959','adafydd1c@over-blog.com','false')
,('Luce Beel',50,'394-539-0878','lbeel1d@furl.net','true')
,('Camellia Schrader',51,'338-144-0196','cschrader1e@google.it','true')
,('Brenn McKeaney',52,'553-745-9258','bmckeaney1f@rakuten.co.jp','true')
,('Findley Manville',53,'530-124-3866','fmanville1g@51.la','false')
,('Bartlett Bailes',54,'879-785-5329','bbailes1h@foxnews.com','true')
,('Lorinda MacIlhagga',55,'656-824-6531','lmacilhagga1i@hostgator.com','false')
,('Teresina Sharrocks',56,'990-137-4060','tsharrocks1j@shop-pro.jp','false')
,('Rafaelita Tregidgo',57,'387-771-7527','rtregidgo1k@gmpg.org','true')
,('Ches Yakolev',58,'631-981-3081','cyakolev1l@livejournal.com','true')
,('Chantal Kulver',59,'397-359-0629','ckulver1m@wikispaces.com','true')
,('Janetta Pimerick',60,'665-905-6666','jpimerick1n@123-reg.co.uk','true');
INSERT INTO Products(ProductID,Name,ImgURL,TypeID,SeasonID,GenderId) VALUES
(1,'Acetaminophen and Diphenhydramine HCl','http://dummyimage.com/133x100.png/ff4444/ffffff',1,3,1)
,(2,'Chlordiazepoxide Hydrochloride','http://dummyimage.com/195x100.png/5fa2dd/ffffff',7,3,2)
,(3,'Titanium Dioxide','http://dummyimage.com/177x100.png/5fa2dd/ffffff',3,1,1)
,(4,'Nifedipine','http://dummyimage.com/171x100.png/cc0000/ffffff',7,0,1)
,(5,'Fosinopril Sodium','http://dummyimage.com/119x100.png/cc0000/ffffff',8,3,0)
,(6,'amoxicillin','http://dummyimage.com/218x100.png/cc0000/ffffff',7,2,2)
,(7,'Aspirin','http://dummyimage.com/192x100.png/5fa2dd/ffffff',6,1,1)
,(8,'Guaifenesin','http://dummyimage.com/189x100.png/dddddd/000000',1,1,2)
,(9,'Phentermine Hydrochloride','http://dummyimage.com/117x100.png/dddddd/000000',0,3,1)
,(10,'verapamil hydrochloride','http://dummyimage.com/147x100.png/ff4444/ffffff',6,2,2)
,(11,'Psyllium Husk','http://dummyimage.com/161x100.png/cc0000/ffffff',6,0,1)
,(12,'Carboxymethylcellulose Sodium','http://dummyimage.com/194x100.png/ff4444/ffffff',6,2,1)
,(13,'MEPERIDINE HYDROCHLORIDE','http://dummyimage.com/117x100.png/5fa2dd/ffffff',8,2,1)
,(14,'ONDANSETRON','http://dummyimage.com/144x100.png/dddddd/000000',1,2,1)
,(15,'Amiodarone Hydrochloride','http://dummyimage.com/154x100.png/dddddd/000000',4,3,1)
,(16,'Tramadol Hydrochloride','http://dummyimage.com/145x100.png/5fa2dd/ffffff',7,2,2)
,(17,'calcium carbonate','http://dummyimage.com/142x100.png/cc0000/ffffff',6,2,0)
,(18,'Allopurinol','http://dummyimage.com/230x100.png/ff4444/ffffff',7,2,0)
,(19,'somatropin','http://dummyimage.com/131x100.png/ff4444/ffffff',0,0,2)
,(20,'palivizumab','http://dummyimage.com/106x100.png/5fa2dd/ffffff',0,0,2)
,(21,'Paricalcitol','http://dummyimage.com/207x100.png/5fa2dd/ffffff',2,1,0)
,(22,'Acetaminophen, Diphenhydramine Hydrochloride, and Phenylephrine Hydrochloride','http://dummyimage.com/184x100.png/ff4444/ffffff',5,1,2)
,(23,'sulfacetamide sodium','http://dummyimage.com/199x100.png/dddddd/000000',6,3,0)
,(24,'OCTINOXATE','http://dummyimage.com/244x100.png/dddddd/000000',7,2,2)
,(25,'Treatment Set TS341451','http://dummyimage.com/102x100.png/cc0000/ffffff',1,0,2)
,(26,'Aluminum Sesquichlorohydrate','http://dummyimage.com/241x100.png/dddddd/000000',4,3,1)
,(27,'Acetaminophen, Dextromethorphan HBr, and Phenylephrine HCL.','http://dummyimage.com/174x100.png/cc0000/ffffff',8,1,2)
,(28,'lisinopril','http://dummyimage.com/142x100.png/5fa2dd/ffffff',2,2,2)
,(29,'OCTINOXATE, ZINC OXIDE','http://dummyimage.com/119x100.png/dddddd/000000',8,1,2)
,(30,'Aspirin','http://dummyimage.com/143x100.png/ff4444/ffffff',2,0,1)
,(31,'Insomnia 1','http://dummyimage.com/163x100.png/5fa2dd/ffffff',4,0,2)
,(32,'TETRAHYDROZOLINE HYDROCHLORIDE','http://dummyimage.com/188x100.png/ff4444/ffffff',2,0,1)
,(33,'TENIPOSIDE','http://dummyimage.com/123x100.png/dddddd/000000',3,1,2)
,(34,'Enalapril Maleate','http://dummyimage.com/132x100.png/ff4444/ffffff',2,1,0)
,(35,'zolpidem tartrate','http://dummyimage.com/245x100.png/dddddd/000000',4,0,1)
,(36,'Mustard Seed','http://dummyimage.com/126x100.png/ff4444/ffffff',8,2,1)
,(37,'levalbuterol hydrochloride','http://dummyimage.com/119x100.png/dddddd/000000',8,1,2)
,(38,'TRICLOSAN','http://dummyimage.com/193x100.png/dddddd/000000',7,2,2)
,(39,'Polysaccharide-Iron Complex','http://dummyimage.com/177x100.png/ff4444/ffffff',8,3,1)
,(40,'iloperidone','http://dummyimage.com/166x100.png/cc0000/ffffff',4,2,0)
,(41,'Diphenhydramine Hydrochloride','http://dummyimage.com/207x100.png/cc0000/ffffff',3,3,0)
,(42,'olmesartan medoxomil-hydrochlorothiazide','http://dummyimage.com/147x100.png/dddddd/000000',7,2,2)
,(43,'P32 Sodium Phosphate','http://dummyimage.com/239x100.png/cc0000/ffffff',7,3,1)
,(44,'Trazodone Hydrochloride','http://dummyimage.com/231x100.png/5fa2dd/ffffff',2,1,1)
,(45,'Barium Sulfate','http://dummyimage.com/207x100.png/dddddd/000000',1,1,2)
,(46,'risperidone','http://dummyimage.com/119x100.png/cc0000/ffffff',0,1,2)
,(47,'Octinoxate, Octocrylene, Avobenzone','http://dummyimage.com/194x100.png/cc0000/ffffff',5,2,2)
,(48,'Acetaminophen, Chlorpehniramine HCl, Dextromethorphan HBr, Phenylephrine HCl','http://dummyimage.com/207x100.png/dddddd/000000',5,0,1)
,(49,'Eucalyptol, menthol, methyl salicylate, thymol','http://dummyimage.com/145x100.png/5fa2dd/ffffff',2,3,1)
,(50,'acetaminophen, dextromethorphan hydrobromide, doxylamine succinate','http://dummyimage.com/191x100.png/5fa2dd/ffffff',5,2,2)
,(51,'Aluminum Zirconium Tetrachlorohydrex GLY','http://dummyimage.com/135x100.png/ff4444/ffffff',0,3,0)
,(52,'Oxycodone and Acetaminophen','http://dummyimage.com/137x100.png/cc0000/ffffff',8,3,1)
,(53,'OCTINOXATE','http://dummyimage.com/129x100.png/ff4444/ffffff',8,1,1)
,(54,'Omeprazole','http://dummyimage.com/187x100.png/5fa2dd/ffffff',6,3,1)
,(55,'Lovastatin','http://dummyimage.com/102x100.png/cc0000/ffffff',7,2,0)
,(56,'prochlorperazine maleate','http://dummyimage.com/231x100.png/dddddd/000000',0,1,2)
,(57,'Doxazosin','http://dummyimage.com/222x100.png/dddddd/000000',4,3,1)
,(58,'Quetiapine Fumarate','http://dummyimage.com/229x100.png/ff4444/ffffff',0,1,0)
,(59,'Buspirone Hydrochloride','http://dummyimage.com/238x100.png/5fa2dd/ffffff',1,3,2)
,(60,'Darkleaves Mugwort','http://dummyimage.com/228x100.png/ff4444/ffffff',2,0,2);

INSERT INTO Suppliers(SupplierId,Name,Address,Email,PhoneNumber) VALUES
(1,'Oyoyo','96 Bunker Hill Trail','bbatcock0@geocities.jp','560-542-4216')
,(2,'Wordify','3253 Larry Street','rellor1@discovery.com','147-894-5438')
,(3,'Browseblab','3 Coolidge Place','ehapgood2@census.gov','158-971-7246')
,(4,'Voonder','7589 3rd Place','mgorton3@geocities.com','362-575-4074')
,(5,'Eare','88507 Dawn Hill','ohandover4@abc.net.au','642-974-0909')
,(6,'Divape','41135 Susan Street','mgentsch5@mysql.com','854-649-7692')
,(7,'Yoveo','31 Cordelia Pass','aoloughnan6@tuttocitta.it','402-845-7832')
,(8,'Twinte','862 Florence Pass','hhakewell7@loc.gov','994-841-0296')
,(9,'Avamba','301 Carioca Point','krossbrooke8@sourceforge.net','528-900-7265')
,(10,'Livetube','8281 Oak Valley Way','hreggiani9@dailymail.co.uk','735-812-2086')
,(11,'Brainlounge','4 Elgar Plaza','lgiacomassoa@kickstarter.com','547-516-2851')
,(12,'Tekfly','42292 Onsgard Avenue','mloachb@i2i.jp','586-154-7482')
,(13,'Geba','44846 West Court','mwildmanc@admin.ch','503-637-7853')
,(14,'Twimm','847 Hagan Trail','oheadechd@java.com','283-635-8236')
,(15,'Rhynoodle','25 Chinook Trail','gpizere@wp.com','138-509-6825')
,(16,'Lazzy','90221 Ridge Oak Park','jyitshakf@toplist.cz','433-465-0428')
,(17,'Twiyo','91 Manley Center','ncullg@umich.edu','870-133-5636')
,(18,'Avavee','4 Parkside Center','kmatovich@wikia.com','331-408-0902')
,(19,'Quinu','65204 Maple Wood Lane','pphanti@home.pl','808-393-7382')
,(20,'Gigaclub','13 Express Parkway','opeeblesj@toplist.cz','530-536-2562')
,(21,'Eadel','1749 Drewry Trail','igwilliamk@infoseek.co.jp','566-422-3393')
,(22,'Gabcube','737 Lillian Road','slayusl@seesaa.net','829-475-5505')
,(23,'Tavu','42 Cordelia Hill','lhighnamm@booking.com','744-295-9230')
,(24,'Skaboo','65 Heath Place','mgorringn@umich.edu','790-606-9133')
,(25,'Kare','2 Scoville Hill','fclayo@paypal.com','146-719-6662')
,(26,'Wikido','9076 Huxley Hill','bbrozekp@quantcast.com','780-585-2374')
,(27,'Leexo','8763 Holmberg Circle','dclappisonq@unesco.org','695-682-1734')
,(28,'Meetz','3775 Bay Trail','mfortnumr@mediafire.com','809-708-3003')
,(29,'Yodel','0948 Carberry Street','bleckenbys@elegantthemes.com','303-754-5946')
,(30,'DabZ','335 Red Cloud Center','wdearnlyt@baidu.com','751-356-3107')
,(31,'Gigaclub','25156 Gulseth Hill','gwalewskiu@fotki.com','196-871-1382')
,(32,'Trilith','0 Dakota Street','vmccarronv@miitbeian.gov.cn','912-917-0350')
,(33,'Plajo','9163 Macpherson Road','tfibbensw@forbes.com','627-750-2793')
,(34,'Brainsphere','0484 Waxwing Circle','kwhifenx@nydailynews.com','646-967-3222')
,(35,'Gigashots','73 Independence Center','ejeffryy@plala.or.jp','190-454-3945')
,(36,'Skibox','72 Summit Court','mdebeauchampz@freewebs.com','467-127-4763')
,(37,'Meetz','7 Ridgeview Place','vwandtke10@altervista.org','459-615-6910')
,(38,'Jetwire','7 New Castle Avenue','wgathercoal11@netscape.com','824-843-9212')
,(39,'Gigaclub','52 Bayside Street','lkiljan12@bigcartel.com','545-865-1919')
,(40,'Buzzshare','07 Sherman Terrace','ahansom13@wsj.com','734-371-5676')
,(41,'Jayo','0 Quincy Circle','pgoudge14@webs.com','384-636-4261')
,(42,'Avamba','298 Heffernan Road','esammes15@youtu.be','831-481-2055')
,(43,'Zoozzy','1 Charing Cross Center','tloidl16@vinaora.com','986-308-5906')
,(44,'Aimbo','02 Green Lane','ajakov17@ucoz.com','955-818-4332')
,(45,'Browsebug','4049 Packers Street','hrosina18@nifty.com','788-542-2877')
,(46,'Leenti','399 Dunning Park','cscrease19@github.com','887-946-7100')
,(47,'Snaptags','24 Meadow Valley Lane','dbettlestone1a@jugem.jp','538-408-7033')
,(48,'Oba','02 Hudson Way','kstruan1b@dmoz.org','127-973-8541')
,(49,'Yozio','794 Union Drive','mwalthall1c@unblog.fr','966-422-1527')
,(50,'Dynabox','782 Kingsford Parkway','cllewelyn1d@time.com','555-487-5541')
,(51,'Livepath','29044 6th Pass','ahellard1e@domainmarket.com','531-463-3509')
,(52,'Skipstorm','42885 Saint Paul Pass','mfenwick1f@sbwire.com','873-953-7250')
,(53,'Shufflebeat','3555 Duke Alley','apomphrett1g@paypal.com','748-113-5461')
,(54,'Trudoo','212 Arapahoe Avenue','dklossmann1h@lycos.com','760-821-3919')
,(55,'Kwinu','52 Jay Terrace','ljodlowski1i@unblog.fr','219-181-8774')
,(56,'Skibox','095 Golf Course Point','mhenkmann1j@army.mil','749-911-4755')
,(57,'Nlounge','98592 Stang Point','jnormansell1k@cnet.com','436-443-4757')
,(58,'Thoughtstorm','39982 Loftsgordon Lane','jphilippon1l@nasa.gov','195-367-5739')
,(59,'Photobug','41216 Parkside Center','bgoathrop1m@gov.uk','953-641-6102')
,(60,'Bluezoom','91303 Continental Parkway','ejorn1n@salon.com','111-597-3536');

INSERT INTO Suppliers (SupplierId, Name, Address, Email, PhoneNumber) VALUES
(30,'60','497','29','false')
,(5,'10','773','35','true')
,(42,'45','57','13','false')
,(59,'19','262','40','false')
,(45,'32','171','33','false')
,(2,'56','155','27','true')
,(57,'3','294','35','false')
,(38,'42','756','15','true')
,(14,'28','523','36','false')
,(4,'8','184','13','false')
,(39,'43','822','12','false')
,(58,'12','926','32','false')
,(52,'18','335','40','false')
,(43,'40','302','12','false')
,(56,'57','804','31','true')
,(53,'23','850','12','true')
,(48,'53','845','12','true')
,(46,'27','741','16','false')
,(11,'24','813','33','true')
,(7,'1','861','37','true')
,(31,'55','982','38','true')
,(25,'44','697','37','true')
,(51,'50','428','30','true')
,(16,'26','239','18','false')
,(29,'11','361','18','true')
,(22,'16','100','34','false')
,(28,'34','52','36','false')
,(60,'59','608','32','true')
,(13,'25','124','23','false')
,(21,'46','105','11','true')
,(6,'30','272','33','true')
,(32,'59','842','26','true')
,(5,'60','867','14','true')
,(48,'36','887','16','true')
,(2,'29','862','39','true')
,(8,'3','332','14','false')
,(35,'47','228','35','false')
,(54,'17','414','29','true')
,(4,'41','280','28','true')
,(49,'58','684','23','true')
,(33,'8','750','36','true')
,(24,'30','857','27','false')
,(38,'26','84','23','false')
,(40,'40','146','30','false')
,(11,'24','955','12','true')
,(9,'43','314','23','false')
,(1,'44','369','30','false')
,(19,'15','984','20','true')
,(18,'32','688','39','true')
,(58,'22','861','29','false')
,(39,'55','428','14','true')
,(43,'12','463','34','false')
,(55,'49','156','25','false')
,(34,'54','492','29','true')
,(28,'35','565','21','true')
,(31,'11','366','39','false')
,(51,'21','87','14','false')
,(46,'53','596','23','true')
,(13,'16','931','32','true')
,(42,'33','591','16','true')
,(57,'4','618','23','false')
,(3,'23','345','23','false')
,(47,'22','59','28','true')
,(52,'42','926','36','false')
,(55,'6','801','13','true')
,(56,'52','629','31','false')
,(35,'35','414','28','false')
,(58,'58','643','28','false')
,(45,'31','691','35','true')
,(9,'27','759','37','false')
,(43,'37','778','26','false')
,(16,'30','71','19','true')
,(15,'46','96','23','false')
,(25,'14','932','39','true')
,(41,'56','946','18','false')
,(24,'15','593','29','true')
,(37,'24','946','39','false')
,(46,'60','351','14','false')
,(34,'47','794','17','true')
,(18,'3','352','30','true')
,(10,'39','891','13','false')
,(31,'19','821','37','false')
,(12,'40','274','15','false')
,(40,'55','687','20','true')
,(7,'21','433','38','true')
,(14,'45','421','39','true')
,(59,'7','444','26','true')
,(38,'23','617','22','false')
,(29,'49','748','37','true')
,(44,'33','79','26','false')
,(53,'36','142','39','true')
,(48,'5','351','37','false')
,(26,'48','574','37','true')
,(15,'5','219','40','true')
,(28,'33','971','35','true')
,(14,'50','973','10','false')
,(4,'48','433','22','true')
,(3,'58','336','29','true')
,(17,'43','569','38','true')
,(36,'59','160','28','false')
,(10,'22','657','12','false')
,(12,'36','241','11','true')
,(46,'37','71','10','true')
,(19,'18','673','10','false')
,(13,'29','351','21','true')
,(22,'55','391','33','true')
,(16,'17','931','37','true')
,(25,'34','537','23','true')
,(7,'54','724','23','false')
,(45,'60','148','34','false')
,(1,'44','641','11','true')
,(5,'21','571','34','false')
,(58,'14','830','37','true')
,(51,'23','891','14','false')
,(30,'38','185','38','true')
,(43,'2','977','29','false')
,(31,'52','163','35','true')
,(60,'47','441','16','true')
,(9,'16','531','36','true')
,(27,'7','110','10','true')
,(8,'25','578','22','true')
,(32,'53','193','14','false')
,(52,'45','138','35','false')
,(20,'41','807','37','true')
,(54,'10','324','13','false')
,(16,'58','888','37','true')
,(55,'43','770','29','true')
,(53,'48','979','27','true')
,(19,'54','171','19','false')
,(28,'7','634','39','true')
,(13,'47','108','27','false')
,(26,'38','449','13','false')
,(18,'21','786','10','false')
,(5,'49','65','30','false')
,(59,'3','948','23','false')
,(57,'14','218','18','false')
,(31,'8','873','16','false')
,(49,'28','423','28','false')
,(48,'35','805','33','false')
,(34,'39','544','15','true')
,(17,'52','333','19','true')
,(44,'30','521','11','false')
,(2,'16','531','14','false')
,(6,'1','409','32','false')
,(10,'29','852','21','false')
,(40,'50','696','27','true')
,(7,'56','563','26','true')
,(25,'51','147','10','true')
,(47,'9','424','33','false')
,(33,'36','135','13','false')
,(20,'24','595','37','true')
,(1,'27','965','10','true')
,(50,'15','396','21','false')
,(37,'25','382','23','true')
,(12,'42','993','22','false')
,(57,'38','687','12','true')
,(49,'10','212','32','true')
,(56,'15','667','17','true')
,(41,'41','637','10','false')
,(47,'55','677','22','true')
,(15,'21','733','37','true')
,(14,'60','692','16','false')
,(44,'42','767','27','false')
,(19,'7','949','30','false')
,(60,'54','704','24','false')
,(26,'33','951','16','false')
,(53,'3','754','23','true')
,(48,'47','554','25','true')
,(59,'1','933','18','true')
,(37,'32','378','12','true')
,(52,'22','537','34','false')
,(55,'53','44','22','true')
,(17,'8','101','29','false')
,(27,'35','267','37','true')
,(23,'18','348','38','true')
,(34,'59','831','38','true')
,(10,'45','456','15','false')
,(32,'51','474','20','true')
,(13,'11','197','22','false')
,(25,'50','193','12','false')
,(24,'30','966','32','false')
,(21,'16','729','37','false')
,(39,'14','778','25','false')
,(42,'52','753','15','true')
,(7,'46','43','26','false')
,(2,'6','813','14','false')
,(16,'23','487','23','false')
,(42,'20','156','15','false')
,(15,'29','599','31','true')
,(19,'55','869','25','false')
,(6,'45','542','29','true')
,(1,'12','353','28','false')
,(31,'34','530','27','false')
,(41,'57','875','36','true')
,(14,'43','533','27','true')
,(60,'54','682','23','true')
,(4,'30','977','21','false')
,(40,'40','983','31','false')
,(28,'26','958','30','false')
,(47,'60','330','29','false')
,(34,'19','141','21','false')
,(2,'36','741','24','false')
,(12,'48','426','22','false')
,(59,'59','927','30','false')
,(54,'50','199','15','false')
,(48,'31','923','32','false')
,(30,'7','251','30','false')
,(29,'6','919','20','false')
,(52,'52','703','34','false')
,(23,'10','92','38','true')
,(27,'49','749','12','false')
,(35,'21','386','17','false')
,(24,'37','173','18','false')
,(49,'17','134','20','true')
,(46,'22','529','39','false')
,(11,'56','870','40','false')
,(53,'47','266','19','false')
,(4,'32','47','10','true')
,(16,'27','479','24','true')
,(50,'49','716','32','false')
,(5,'50','734','38','false')
,(37,'58','968','13','false')
,(3,'4','311','15','true')
,(46,'53','769','13','false')
,(11,'23','496','38','true')
,(13,'5','892','31','true')
,(41,'22','533','25','false')
,(38,'48','478','34','true')
,(8,'20','349','22','true')
,(2,'24','844','31','true')
,(51,'45','123','38','true')
,(58,'28','436','14','false')
,(14,'55','227','31','false')
,(19,'52','749','13','false')
,(47,'37','296','19','true')
,(29,'35','840','10','true')
,(30,'31','145','14','true')
,(35,'51','92','10','true')
,(45,'26','966','32','false')
,(27,'10','564','28','false')
,(32,'16','637','22','true')
,(26,'13','503','25','true')
,(53,'2','101','11','true')
,(15,'42','152','12','true')
,(24,'44','430','34','false')
,(33,'14','308','13','false')
,(17,'46','881','25','false')
,(60,'39','127','24','true')
,(15,'46','372','40','false')
,(23,'8','381','19','false')
,(57,'44','751','33','true')
,(3,'35','851','28','true')
,(53,'36','632','21','false')
,(14,'9','781','17','false')
,(33,'15','405','19','false')
,(9,'54','341','24','true')
,(8,'25','957','33','true')
,(48,'21','760','25','false')
,(42,'28','586','25','false')
,(26,'26','540','13','false')
,(2,'30','454','18','true')
,(35,'10','911','37','false')
,(54,'53','695','20','true')
,(6,'11','812','21','false')
,(31,'56','812','10','false')
,(16,'5','107','34','true')
,(10,'42','965','30','true')
,(50,'57','117','25','true')
,(55,'29','613','20','false')
,(19,'6','994','37','true')
,(56,'43','823','12','false')
,(29,'24','605','26','true')
,(28,'32','895','31','true')
,(32,'33','650','11','true')
,(43,'23','506','18','true')
,(52,'50','671','17','true')
,(34,'19','800','20','false')
,(21,'45','410','38','false')
,(20,'58','476','10','true')
,(24,'36','322','22','false')
,(60,'31','565','33','true')
,(42,'41','379','37','false')
,(8,'8','898','31','false')
,(54,'38','600','17','true')
,(56,'51','928','13','false')
,(35,'60','769','40','true')
,(38,'42','340','30','false')
,(59,'49','475','35','true')
,(53,'3','195','20','false')
,(12,'5','301','13','true')
,(4,'32','687','24','false')
,(30,'46','740','12','true')
,(11,'4','945','18','true')
,(44,'56','917','30','true')
,(28,'7','339','16','false')
,(15,'9','292','18','false')
,(50,'35','168','32','true')
,(6,'19','300','32','true')
,(23,'52','687','27','false')
,(55,'43','774','36','true')
,(37,'12','536','23','true')
,(49,'48','300','28','true')
,(16,'20','784','21','false')
,(46,'59','584','17','false')
,(32,'14','634','35','false')
,(19,'28','552','15','false')
,(18,'47','711','20','true')
,(9,'44','817','26','true')
,(1,'26','79','39','true')
,(52,'13','305','30','false')
,(27,'34','496','23','true')
,(49,'42','92','14','true')
,(46,'57','769','36','false')
,(8,'45','751','28','false')
,(58,'12','195','24','false')
,(7,'11','470','33','true')
,(13,'43','139','13','true')
,(9,'23','423','27','false')
,(30,'58','940','28','false')
,(31,'2','495','35','true')
,(52,'1','698','19','false')
,(38,'60','102','39','false')
,(24,'14','613','13','true')
,(11,'53','807','23','true')
,(19,'44','650','19','true')
,(26,'59','484','40','true')
,(59,'26','789','19','false')
,(16,'38','639','25','true')
,(42,'17','983','32','false')
,(12,'6','726','26','true')
,(44,'13','153','13','false')
,(5,'8','315','31','true')
,(40,'20','698','23','true')
,(15,'48','387','22','true')
,(48,'35','252','16','false')
,(45,'30','340','35','false')
,(21,'21','757','28','false')
,(32,'40','272','37','true')
,(41,'19','823','22','true')
,(23,'50','444','20','true')
,(25,'25','870','20','true')
,(41,'42','998','28','true')
,(4,'2','825','37','true')
,(16,'57','412','37','true')
,(8,'55','392','19','true')
,(25,'28','415','11','false')
,(39,'17','484','10','false')
,(2,'8','264','16','true')
,(48,'58','622','26','false')
,(49,'13','297','21','false')
,(51,'38','909','29','true')
,(26,'54','659','28','false')
,(46,'10','630','37','true')
,(33,'59','89','30','true')
,(7,'16','309','38','true')
,(5,'14','248','35','true')
,(59,'19','783','28','false')
,(21,'45','747','31','false')
,(38,'49','713','16','false')
,(44,'6','626','10','false')
,(30,'37','850','12','false')
,(6,'53','703','10','false')
,(35,'29','997','13','true')
,(31,'12','112','30','true')
,(56,'36','822','31','false')
,(54,'43','931','10','true')
,(42,'44','395','28','false')
,(24,'52','630','15','false')
,(19,'22','945','14','false')
,(55,'9','970','17','true')
,(40,'35','158','22','false')
,(37,'26','430','15','true')
,(37,'15','969','14','true')
,(43,'3','879','30','true')
,(49,'59','662','38','true')
,(48,'1','419','30','true')
,(4,'52','958','38','true')
,(21,'9','526','21','true')
,(7,'35','232','19','false')
,(34,'26','198','15','false')
,(23,'45','640','28','true')
,(56,'12','810','25','true')
,(57,'22','767','29','false')
,(12,'39','930','29','false')
,(51,'5','639','25','true')
,(14,'21','409','28','false')
,(15,'6','57','22','false')
,(31,'29','466','37','false')
,(10,'17','912','18','false')
,(42,'46','65','37','true')
,(40,'10','278','18','false')
,(39,'37','521','34','false')
,(33,'13','266','39','false')
,(52,'14','103','33','false')
,(1,'50','401','28','true')
,(26,'16','521','14','true')
,(59,'2','218','14','false')
,(28,'51','360','18','false')
,(30,'23','975','37','true')
,(19,'42','613','18','true')
,(11,'34','689','28','true')
,(20,'33','665','36','false')
,(16,'30','79','39','true')
,(25,'56','702','33','true')
,(16,'37','244','24','true')
,(50,'54','214','35','true')
,(34,'7','539','39','true')
,(26,'13','722','40','true')
,(54,'30','977','31','true')
,(56,'23','758','39','false')
,(41,'59','535','19','true')
,(2,'58','455','29','true')
,(22,'55','581','16','false')
,(15,'12','832','18','true')
,(4,'15','990','37','false')
,(53,'1','488','27','true')
,(12,'32','416','26','false')
,(27,'47','153','14','false')
,(49,'25','576','35','false')
,(21,'34','271','36','true')
,(24,'20','897','18','true')
,(47,'26','756','30','false')
,(3,'50','749','27','true')
,(52,'6','495','15','false')
,(6,'35','60','32','false')
,(7,'53','993','33','false')
,(14,'40','869','21','false')
,(44,'8','61','13','false')
,(60,'39','935','32','true')
,(28,'41','204','40','false')
,(29,'42','627','13','true')
,(55,'3','669','12','false')
,(8,'45','484','34','false')
,(43,'9','876','15','false')
,(1,'21','284','17','true')
,(50,'9','953','36','false')
,(19,'1','804','13','false')
,(48,'37','370','30','true')
,(49,'39','269','28','false')
,(11,'31','568','13','true')
,(31,'46','430','11','false')
,(20,'51','352','30','false')
,(35,'26','159','17','false')
,(34,'52','905','38','false')
,(58,'60','954','34','false')
,(12,'58','485','27','true')
,(24,'4','908','37','true')
,(33,'38','974','19','false')
,(13,'59','708','33','true')
,(39,'14','742','27','false')
,(43,'5','964','35','true')
,(26,'32','806','18','true')
,(5,'54','237','29','true')
,(14,'55','427','21','true')
,(18,'44','206','39','true')
,(9,'27','467','28','true')
,(7,'23','328','18','true')
,(27,'17','878','31','false')
,(29,'15','988','15','false')
,(15,'41','132','13','true')
,(59,'25','345','20','true')
,(44,'10','379','24','false')
,(57,'45','575','33','false')
,(56,'30','506','19','true')
,(55,'8','687','29','false')
,(25,'38','806','17','false')
,(10,'41','495','35','true')
,(44,'55','380','13','false')
,(38,'11','147','15','false')
,(47,'52','804','39','true')
,(36,'46','996','22','true')
,(14,'1','232','40','false')
,(12,'43','713','31','true')
,(29,'37','969','33','true')
,(11,'48','462','30','true')
,(1,'32','750','29','true')
,(5,'35','218','15','true')
,(58,'5','434','21','true')
,(6,'18','966','25','false')
,(51,'17','950','31','true')
,(60,'19','310','14','false')
,(4,'21','65','12','true')
,(9,'8','922','17','false')
,(54,'16','991','22','false')
,(3,'49','920','12','false')
,(24,'29','42','11','true')
,(19,'7','395','31','false')
,(32,'20','344','37','true')
,(37,'60','756','27','false')
,(45,'57','351','14','true')
,(43,'53','398','27','false')
,(46,'27','650','26','true')
,(16,'22','617','32','false')
,(34,'3','535','24','false')
,(21,'39','880','28','false')
,(27,'40','410','10','false')
,(47,'45','898','25','true')
,(48,'23','643','35','true')
,(59,'17','782','22','true')
,(22,'1','832','13','true')
,(37,'59','275','11','false')
,(7,'35','959','30','true')
,(5,'8','425','25','false')
,(28,'6','195','35','true')
,(25,'54','812','14','false')
,(34,'52','155','35','false')
,(53,'57','591','17','true')
,(40,'14','712','30','true')
,(32,'30','636','14','true')
,(12,'42','418','29','false')
,(4,'27','871','39','false')
,(8,'50','789','33','true')
,(52,'46','717','28','false')
,(60,'47','802','15','false')
,(11,'5','312','18','true')
,(2,'56','289','39','true')
,(15,'58','136','26','false')
,(43,'41','281','15','false')
,(38,'36','317','21','false')
,(27,'2','942','19','true')
,(29,'34','377','34','false')
,(56,'33','825','11','true')
,(13,'37','331','16','false')
,(23,'4','849','37','false')
,(33,'43','911','20','true')
,(6,'7','468','13','true')
,(24,'10','431','16','true')
,(38,'35','861','17','true')
,(46,'20','656','13','true')
,(15,'28','464','31','true')
,(49,'53','768','29','false')
,(1,'51','678','17','true')
,(40,'54','277','26','true')
,(13,'24','459','19','true')
,(60,'45','208','29','false')
,(8,'43','892','18','true')
,(31,'57','222','23','false')
,(21,'44','916','14','false')
,(25,'29','543','39','false')
,(50,'21','74','37','false')
,(9,'18','55','14','true')
,(43,'15','104','11','true')
,(18,'4','546','29','true')
,(48,'41','199','17','true')
,(5,'10','261','38','true')
,(22,'37','564','30','false')
,(30,'23','935','21','true')
,(7,'12','899','34','false')
,(20,'6','939','29','false')
,(2,'2','571','35','false')
,(4,'7','957','22','true')
,(51,'56','681','23','true')
,(14,'46','137','26','true')
,(29,'36','131','21','true')
,(36,'39','123','39','false')
,(35,'55','449','40','false')
,(23,'40','825','32','true')
,(10,'1','451','30','false')
,(2,'42','531','30','false')
,(27,'22','282','12','true')
,(14,'55','579','20','false')
,(22,'44','679','33','false')
,(55,'28','688','13','false')
,(58,'49','229','29','true')
,(19,'30','536','27','false')
,(59,'11','637','23','false')
,(40,'15','631','24','false')
,(18,'43','668','33','true')
,(60,'45','452','13','false')
,(3,'47','575','31','false')
,(20,'13','941','27','true')
,(33,'5','758','40','true')
,(24,'10','899','23','false')
,(57,'40','827','31','true')
,(41,'19','977','39','false')
,(5,'25','671','13','false')
,(13,'41','446','22','true')
,(48,'39','247','38','true')
,(23,'7','646','16','false')
,(21,'34','988','16','false')
,(53,'12','54','34','true')
,(38,'23','399','13','false')
,(10,'9','821','19','false')
,(51,'36','875','10','false')
,(34,'29','909','10','false')
,(12,'2','170','31','true')
,(7,'59','129','36','false')
,(4,'18','487','14','true')
,(6,'4','384','38','true')
,(23,'35','939','27','false')
,(35,'4','807','10','true')
,(3,'49','363','11','false')
,(46,'43','474','15','true')
,(8,'36','870','21','true')
,(48,'40','124','15','false')
,(37,'10','285','36','true')
,(57,'29','290','23','false')
,(47,'52','96','35','false')
,(51,'15','672','24','false')
,(44,'47','337','27','true')
,(60,'11','95','13','true')
,(17,'14','54','21','true')
,(26,'33','126','12','true')
,(45,'19','725','16','true')
,(13,'60','262','32','false')
,(25,'57','602','18','false')
,(39,'22','636','15','false')
,(58,'31','44','30','false')
,(41,'5','210','29','true')
,(7,'55','270','37','true')
,(5,'25','59','36','true')
,(56,'45','613','18','false')
,(16,'28','903','17','true')
,(43,'9','135','29','false')
,(32,'59','496','11','true')
,(1,'48','877','24','false')
,(15,'17','467','15','true')
,(50,'46','746','30','false')
,(18,'58','888','31','false')
,(19,'56','257','28','false')
,(45,'42','457','29','false')
,(28,'32','231','30','false')
,(52,'26','87','35','false')
,(32,'35','319','14','false')
,(12,'5','815','10','true')
,(59,'59','800','25','false')
,(4,'11','919','38','true')
,(57,'55','393','24','false')
,(10,'54','183','38','false')
,(13,'22','469','31','true')
,(41,'28','499','14','true')
,(20,'3','980','26','false')
,(25,'40','805','37','true')
,(55,'38','524','32','true')
,(29,'41','541','39','false')
,(7,'17','285','12','false')
,(46,'1','971','28','true')
,(36,'52','417','39','false')
,(15,'24','751','28','true')
,(60,'53','208','24','true')
,(18,'14','697','13','true')
,(48,'51','533','10','false')
,(17,'50','683','27','true')
,(35,'18','879','13','true')
,(40,'30','211','37','false')
,(2,'49','734','36','true')
,(3,'2','353','24','false')
,(24,'45','529','37','true')
,(49,'29','388','28','false')
,(30,'19','444','23','false')
,(33,'56','736','31','false')
,(25,'48','729','34','false')
,(23,'33','252','38','false')
,(22,'45','424','23','false')
,(58,'53','85','22','false')
,(60,'1','735','29','true')
,(9,'30','925','13','false')
,(34,'37','149','23','false')
,(26,'29','43','12','true')
,(2,'59','249','21','false')
,(49,'39','266','36','false')
,(4,'52','903','23','true')
,(21,'38','237','35','false')
,(28,'25','593','38','false')
,(48,'10','101','19','false')
,(38,'57','676','33','false')
,(15,'36','361','13','true')
,(6,'2','697','24','false')
,(32,'58','459','20','false')
,(13,'49','710','20','false')
,(35,'6','183','37','true')
,(18,'14','949','40','false')
,(17,'42','344','18','false')
,(59,'47','438','33','false')
,(5,'50','874','34','true')
,(45,'8','544','34','true')
,(27,'28','869','14','true')
,(42,'56','608','20','false')
,(12,'32','677','24','true')
,(54,'41','231','33','true')
,(44,'21','233','20','true')
,(14,'17','325','16','false')
,(14,'39','733','14','false')
,(10,'32','376','19','false')
,(33,'41','301','25','false')
,(13,'36','788','29','false')
,(27,'45','242','28','false')
,(37,'59','959','21','true')
,(57,'20','489','17','true')
,(53,'21','422','24','false')
,(18,'14','294','29','false')
,(8,'16','893','22','true')
,(2,'25','431','33','true')
,(30,'51','998','12','false')
,(46,'1','736','30','false')
,(3,'7','522','13','false')
,(39,'18','545','12','true')
,(41,'40','579','23','true')
,(35,'5','553','13','false')
,(58,'55','227','10','false')
,(28,'27','993','35','false')
,(9,'28','857','31','true')
,(55,'12','847','27','true')
,(42,'15','440','18','true')
,(21,'35','177','14','true')
,(7,'50','94','36','true')
,(12,'43','136','36','true')
,(22,'30','740','13','false')
,(44,'44','868','25','false')
,(23,'31','590','26','true')
,(34,'10','479','15','true')
,(36,'13','885','21','true')
,(40,'17','830','21','true')
,(5,'47','330','27','true')
,(1,'52','583','13','true')
,(17,'25','423','35','false')
,(48,'15','60','31','false')
,(14,'20','999','34','true')
,(25,'22','254','16','true')
,(6,'35','759','16','false')
,(22,'28','130','11','false')
,(20,'56','365','24','true')
,(32,'18','225','15','false')
,(2,'17','312','13','true')
,(16,'37','925','32','true')
,(19,'32','995','18','true')
,(44,'24','868','26','true')
,(51,'11','560','37','false')
,(54,'5','171','12','true')
,(30,'10','765','11','false')
,(56,'34','361','27','true')
,(47,'58','123','33','false')
,(26,'29','659','24','false')
,(41,'27','653','15','false')
,(45,'50','379','20','true')
,(13,'49','189','14','false')
,(46,'23','642','36','false')
,(9,'9','158','16','false')
,(35,'43','848','39','true')
,(42,'13','346','38','true')
,(60,'53','295','34','false')
,(3,'38','250','34','false')
,(49,'41','350','25','false')
,(12,'31','592','32','false')
,(6,'47','366','15','true')
,(56,'32','787','19','false')
,(59,'34','633','37','true')
,(26,'54','416','33','true')
,(14,'8','631','11','true')
,(47,'21','294','36','true')
,(16,'5','526','34','false')
,(41,'52','788','39','true')
,(33,'11','243','16','false')
,(44,'27','81','26','true')
,(13,'39','581','13','false')
,(43,'25','950','16','false')
,(48,'22','790','39','false')
,(49,'31','902','32','true')
,(21,'7','834','19','true')
,(53,'3','965','14','true')
,(57,'60','983','13','false')
,(52,'12','567','26','true')
,(50,'46','366','34','false')
,(39,'38','289','12','false')
,(17,'58','606','34','false')
,(60,'20','593','40','false')
,(1,'57','624','15','false')
,(35,'4','663','28','true')
,(42,'55','880','18','true')
,(38,'43','354','24','true')
,(54,'45','206','11','false')
,(12,'2','549','25','false')
,(15,'30','968','17','true')
,(22,'40','284','13','true')
,(34,'9','126','13','false')
,(18,'42','595','39','true')
,(43,'47','275','35','false')
,(48,'6','604','25','false')
,(26,'56','263','30','true')
,(7,'25','104','34','false')
,(1,'1','195','19','true')
,(22,'30','279','10','true')
,(13,'38','761','33','true')
,(55,'50','933','34','true')
,(12,'34','245','29','true')
,(39,'33','454','33','true')
,(29,'52','548','17','true')
,(45,'43','683','40','false')
,(33,'20','150','17','false')
,(51,'49','709','35','true')
,(31,'58','221','26','true')
,(6,'11','703','18','false')
,(20,'54','44','17','false')
,(54,'3','361','17','true')
,(59,'59','59','30','false')
,(28,'27','160','19','true')
,(57,'14','355','24','false')
,(53,'22','840','30','false')
,(27,'8','303','39','true')
,(47,'19','168','14','true')
,(44,'23','181','15','true')
,(35,'39','939','39','true')
,(4,'21','328','31','false')
,(50,'4','913','39','true')
,(30,'41','899','31','false')
,(34,'5','826','33','false')
,(20,'18','628','34','true')
,(15,'9','143','30','false')
,(19,'15','933','22','true')
,(16,'39','561','35','true')
,(38,'7','375','13','true')
,(42,'21','779','12','false')
,(36,'38','680','23','true')
,(40,'37','494','26','false')
,(44,'50','554','23','false')
,(11,'56','691','21','true')
,(32,'28','308','34','false')
,(41,'29','172','31','true')
,(29,'45','698','18','false')
,(1,'11','142','25','true')
,(56,'32','671','34','false')
,(53,'30','56','17','false')
,(24,'60','208','13','false')
,(5,'10','392','15','false')
,(9,'41','526','14','false')
,(35,'19','334','32','false')
,(3,'42','768','14','false')
,(30,'12','595','28','true')
,(58,'25','875','28','true')
,(23,'46','285','21','true')
,(7,'2','669','29','false')
,(45,'52','975','22','false')
,(12,'14','989','20','true')
,(31,'40','375','27','true')
,(28,'26','819','25','true')
,(4,'51','314','17','true')
,(48,'43','249','23','true')
,(1,'39','603','32','false')
,(8,'5','404','25','true')
,(22,'20','111','39','true')
,(17,'27','555','11','true')
,(31,'36','738','18','false')
,(12,'28','975','40','true')
,(26,'3','376','26','true')
,(59,'4','237','21','true')
,(16,'1','264','25','false')
,(50,'46','976','25','true')
,(13,'48','795','21','true')
,(21,'60','992','20','false')
,(7,'43','530','27','false')
,(27,'41','817','15','false')
,(5,'30','371','25','true')
,(56,'6','937','37','true')
,(55,'21','356','12','true')
,(40,'55','955','15','true')
,(39,'45','967','39','true')
,(49,'24','168','36','false')
,(30,'49','658','35','true')
,(53,'52','699','31','false')
,(51,'10','912','26','false')
,(42,'12','994','14','false')
,(48,'38','954','39','true')
,(44,'59','978','24','false')
,(3,'47','852','25','false')
,(15,'56','407','38','true')
,(19,'9','583','36','false')
,(9,'25','420','17','true')
,(41,'50','757','26','true')
,(21,'26','252','19','true')
,(44,'50','175','15','true')
,(19,'28','938','38','true')
,(29,'53','785','18','false')
,(54,'25','190','22','true')
,(11,'44','923','36','false')
,(24,'12','262','34','false')
,(57,'24','215','30','true')
,(3,'51','870','33','false')
,(41,'17','373','11','false')
,(38,'59','194','37','true')
,(15,'2','654','19','true')
,(58,'5','557','34','false')
,(55,'23','92','31','true')
,(33,'55','581','29','false')
,(16,'54','534','35','true')
,(4,'7','985','30','true')
,(39,'8','672','31','false')
,(1,'11','507','37','true')
,(12,'1','932','18','false')
,(43,'22','668','19','true')
,(36,'39','208','38','false')
,(23,'34','799','18','true')
,(49,'19','222','15','true')
,(5,'47','505','15','false')
,(14,'16','916','22','false')
,(42,'48','931','11','false')
,(27,'52','231','12','true')
,(20,'35','927','22','true')
,(53,'33','441','28','true')
,(47,'18','898','40','false')
,(20,'41','921','29','false')
,(30,'46','836','18','true')
,(22,'17','350','17','true')
,(5,'20','648','13','true')
,(4,'53','591','19','true')
,(45,'49','870','19','true')
,(21,'35','989','29','false')
,(52,'23','797','37','true')
,(60,'16','580','37','true')
,(58,'7','546','24','true')
,(47,'44','153','37','false')
,(11,'22','140','30','true')
,(59,'51','503','34','false')
,(37,'4','51','28','true')
,(18,'9','151','38','false')
,(56,'59','844','23','true')
,(9,'10','446','24','false')
,(34,'3','746','13','false')
,(43,'15','488','23','true')
,(31,'6','954','19','false')
,(54,'40','693','37','true')
,(15,'60','285','22','false')
,(25,'47','298','16','false')
,(48,'57','898','31','true')
,(49,'55','509','25','false')
,(55,'29','286','29','false')
,(19,'32','406','26','true')
,(50,'43','569','37','true')
,(33,'48','388','22','false')
,(36,'36','883','20','false')
,(41,'38','617','39','true')
,(30,'1','118','34','false')
,(58,'9','216','11','false')
,(20,'46','52','38','true')
,(6,'13','761','29','true')
,(52,'22','54','20','true')
,(24,'6','873','35','false')
,(8,'35','377','22','true')
,(11,'26','288','13','false')
,(15,'58','587','26','true')
,(21,'36','485','11','true')
,(47,'44','818','21','false')
,(37,'54','546','31','false')
,(25,'11','517','32','true')
,(40,'52','545','22','false')
,(55,'47','238','21','true')
,(28,'28','76','18','true')
,(57,'24','644','28','false')
,(31,'25','221','20','false')
,(46,'48','769','22','false')
,(36,'5','319','10','false')
,(51,'21','639','36','false')
,(38,'37','51','35','false')
,(41,'56','812','40','true')
,(54,'38','595','22','true')
,(14,'57','716','25','true')
,(23,'7','56','12','false')
,(2,'16','392','12','true')
,(48,'41','174','14','true')
,(50,'53','149','32','true')
,(29,'42','711','16','false')
,(26,'33','642','36','false')
,(14,'40','140','27','true')
,(43,'16','333','26','true')
,(60,'3','906','38','false')
,(50,'25','419','33','true')
,(25,'22','550','29','true')
,(31,'18','388','15','true')
,(45,'54','478','15','true')
,(11,'29','991','36','true')
,(53,'17','923','34','false')
,(47,'50','66','22','false')
,(13,'12','169','13','false')
,(20,'23','428','12','true')
,(30,'47','577','11','false')
,(9,'55','442','37','false')
,(46,'27','600','26','true')
,(58,'24','136','38','true')
,(6,'53','685','26','true')
,(38,'32','715','14','false')
,(52,'19','493','32','true')
,(37,'42','800','14','true')
,(41,'9','457','22','true')
,(57,'11','831','18','false')
,(32,'21','414','21','false')
,(56,'10','258','12','true')
,(33,'35','840','26','false')
,(48,'36','611','34','true')
,(12,'7','336','25','false')
,(54,'28','49','26','false')
,(35,'5','273','24','false')
,(2,'31','86','36','false')
,(23,'44','786','16','false')
,(8,'45','371','15','false')
,(7,'13','883','21','true')
,(29,'26','853','33','true')
,(15,'59','364','31','true')
,(19,'1','423','21','false')
,(18,'38','105','28','false')
,(40,'33','517','33','true')
,(3,'15','108','33','false');

INSERT INTO StoreItems(StoreID,ProductID,CurrentStock,MinStock,InSeason) VALUES
(30,60,497,29,'false')
,(5,10,773,35,'true')
,(42,45,57,13,'false')
,(59,19,262,40,'false')
,(45,32,171,33,'false')
,(2,56,155,27,'true')
,(57,3,294,35,'false')
,(38,42,756,15,'true')
,(14,28,523,36,'false')
,(4,8,184,13,'false')
,(39,43,822,12,'false')
,(58,12,926,32,'false')
,(52,18,335,40,'false')
,(43,40,302,12,'false')
,(56,57,804,31,'true')
,(53,23,850,12,'true')
,(48,53,845,12,'true')
,(46,27,741,16,'false')
,(11,24,813,33,'true')
,(7,1,861,37,'true')
,(31,55,982,38,'true')
,(25,44,697,37,'true')
,(51,50,428,30,'true')
,(16,26,239,18,'false')
,(29,11,361,18,'true')
,(22,16,100,34,'false')
,(28,34,52,36,'false')
,(60,59,608,32,'true')
,(13,25,124,23,'false')
,(21,46,105,11,'true')
,(6,30,272,33,'true')
,(32,59,842,26,'true')
,(5,60,867,14,'true')
,(48,36,887,16,'true')
,(2,29,862,39,'true')
,(8,3,332,14,'false')
,(35,47,228,35,'false')
,(54,17,414,29,'true')
,(4,41,280,28,'true')
,(49,58,684,23,'true')
,(33,8,750,36,'true')
,(24,30,857,27,'false')
,(38,26,84,23,'false')
,(40,40,146,30,'false')
,(11,24,955,12,'true')
,(9,43,314,23,'false')
,(1,44,369,30,'false')
,(19,15,984,20,'true')
,(18,32,688,39,'true')
,(58,22,861,29,'false')
,(39,55,428,14,'true')
,(43,12,463,34,'false')
,(55,49,156,25,'false')
,(34,54,492,29,'true')
,(28,35,565,21,'true')
,(31,11,366,39,'false')
,(51,21,87,14,'false')
,(46,53,596,23,'true')
,(13,16,931,32,'true')
,(42,33,591,16,'true')
,(57,4,618,23,'false')
,(3,23,345,23,'false')
,(47,22,59,28,'true')
,(52,42,926,36,'false')
,(55,6,801,13,'true')
,(56,52,629,31,'false')
,(35,35,414,28,'false')
,(58,58,643,28,'false')
,(45,31,691,35,'true')
,(9,27,759,37,'false')
,(43,37,778,26,'false')
,(16,30,71,19,'true')
,(15,46,96,23,'false')
,(25,14,932,39,'true')
,(41,56,946,18,'false')
,(24,15,593,29,'true')
,(37,24,946,39,'false')
,(46,60,351,14,'false')
,(34,47,794,17,'true')
,(18,3,352,30,'true')
,(10,39,891,13,'false')
,(31,19,821,37,'false')
,(12,40,274,15,'false')
,(40,55,687,20,'true')
,(7,21,433,38,'true')
,(14,45,421,39,'true')
,(59,7,444,26,'true')
,(38,23,617,22,'false')
,(29,49,748,37,'true')
,(44,33,79,26,'false')
,(53,36,142,39,'true')
,(48,5,351,37,'false')
,(26,48,574,37,'true')
,(15,5,219,40,'true')
,(28,33,971,35,'true')
,(14,50,973,10,'false')
,(4,48,433,22,'true')
,(3,58,336,29,'true')
,(17,43,569,38,'true')
,(36,59,160,28,'false')
,(10,22,657,12,'false')
,(12,36,241,11,'true')
,(46,37,71,10,'true')
,(19,18,673,10,'false')
,(13,29,351,21,'true')
,(22,55,391,33,'true')
,(16,17,931,37,'true')
,(25,34,537,23,'true')
,(7,54,724,23,'false')
,(45,60,148,34,'false')
,(1,44,641,11,'true')
,(5,21,571,34,'false')
,(58,14,830,37,'true')
,(51,23,891,14,'false')
,(30,38,185,38,'true')
,(43,2,977,29,'false')
,(31,52,163,35,'true')
,(60,47,441,16,'true')
,(9,16,531,36,'true')
,(27,7,110,10,'true')
,(8,25,578,22,'true')
,(32,53,193,14,'false')
,(52,45,138,35,'false')
,(20,41,807,37,'true')
,(54,10,324,13,'false')
,(16,58,888,37,'true')
,(55,43,770,29,'true')
,(53,48,979,27,'true')
,(19,54,171,19,'false')
,(28,7,634,39,'true')
,(13,47,108,27,'false')
,(26,38,449,13,'false')
,(18,21,786,10,'false')
,(5,49,65,30,'false')
,(59,3,948,23,'false')
,(57,14,218,18,'false')
,(31,8,873,16,'false')
,(49,28,423,28,'false')
,(48,35,805,33,'false')
,(34,39,544,15,'true')
,(17,52,333,19,'true')
,(44,30,521,11,'false')
,(2,16,531,14,'false')
,(6,1,409,32,'false')
,(10,29,852,21,'false')
,(40,50,696,27,'true')
,(7,56,563,26,'true')
,(25,51,147,10,'true')
,(47,9,424,33,'false')
,(33,36,135,13,'false')
,(20,24,595,37,'true')
,(1,27,965,10,'true')
,(50,15,396,21,'false')
,(37,25,382,23,'true')
,(12,42,993,22,'false')
,(57,38,687,12,'true')
,(49,10,212,32,'true')
,(56,15,667,17,'true')
,(41,41,637,10,'false')
,(47,55,677,22,'true')
,(15,21,733,37,'true')
,(14,60,692,16,'false')
,(44,42,767,27,'false')
,(19,7,949,30,'false')
,(60,54,704,24,'false')
,(26,33,951,16,'false')
,(53,3,754,23,'true')
,(48,47,554,25,'true')
,(59,1,933,18,'true')
,(37,32,378,12,'true')
,(52,22,537,34,'false')
,(55,53,44,22,'true')
,(17,8,101,29,'false')
,(27,35,267,37,'true')
,(23,18,348,38,'true')
,(34,59,831,38,'true')
,(10,45,456,15,'false')
,(32,51,474,20,'true')
,(13,11,197,22,'false')
,(25,50,193,12,'false')
,(24,30,966,32,'false')
,(21,16,729,37,'false')
,(39,14,778,25,'false')
,(42,52,753,15,'true')
,(7,46,43,26,'false')
,(2,6,813,14,'false')
,(16,23,487,23,'false')
,(42,20,156,15,'false')
,(15,29,599,31,'true')
,(19,55,869,25,'false')
,(6,45,542,29,'true')
,(1,12,353,28,'false')
,(31,34,530,27,'false')
,(41,57,875,36,'true')
,(14,43,533,27,'true')
,(60,54,682,23,'true')
,(4,30,977,21,'false')
,(40,40,983,31,'false')
,(28,26,958,30,'false')
,(47,60,330,29,'false')
,(34,19,141,21,'false')
,(2,36,741,24,'false')
,(12,48,426,22,'false')
,(59,59,927,30,'false')
,(54,50,199,15,'false')
,(48,31,923,32,'false')
,(30,7,251,30,'false')
,(29,6,919,20,'false')
,(52,52,703,34,'false')
,(23,10,92,38,'true')
,(27,49,749,12,'false')
,(35,21,386,17,'false')
,(24,37,173,18,'false')
,(49,17,134,20,'true')
,(46,22,529,39,'false')
,(11,56,870,40,'false')
,(53,47,266,19,'false')
,(4,32,47,10,'true')
,(16,27,479,24,'true')
,(50,49,716,32,'false')
,(5,50,734,38,'false')
,(37,58,968,13,'false')
,(3,4,311,15,'true')
,(46,53,769,13,'false')
,(11,23,496,38,'true')
,(13,5,892,31,'true')
,(41,22,533,25,'false')
,(38,48,478,34,'true')
,(8,20,349,22,'true')
,(2,24,844,31,'true')
,(51,45,123,38,'true')
,(58,28,436,14,'false')
,(14,55,227,31,'false')
,(19,52,749,13,'false')
,(47,37,296,19,'true')
,(29,35,840,10,'true')
,(30,31,145,14,'true')
,(35,51,92,10,'true')
,(45,26,966,32,'false')
,(27,10,564,28,'false')
,(32,16,637,22,'true')
,(26,13,503,25,'true')
,(53,2,101,11,'true')
,(15,42,152,12,'true')
,(24,44,430,34,'false')
,(33,14,308,13,'false')
,(17,46,881,25,'false')
,(60,39,127,24,'true')
,(15,46,372,40,'false')
,(23,8,381,19,'false')
,(57,44,751,33,'true')
,(3,35,851,28,'true')
,(53,36,632,21,'false')
,(14,9,781,17,'false')
,(33,15,405,19,'false')
,(9,54,341,24,'true')
,(8,25,957,33,'true')
,(48,21,760,25,'false')
,(42,28,586,25,'false')
,(26,26,540,13,'false')
,(2,30,454,18,'true')
,(35,10,911,37,'false')
,(54,53,695,20,'true')
,(6,11,812,21,'false')
,(31,56,812,10,'false')
,(16,5,107,34,'true')
,(10,42,965,30,'true')
,(50,57,117,25,'true')
,(55,29,613,20,'false')
,(19,6,994,37,'true')
,(56,43,823,12,'false')
,(29,24,605,26,'true')
,(28,32,895,31,'true')
,(32,33,650,11,'true')
,(43,23,506,18,'true')
,(52,50,671,17,'true')
,(34,19,800,20,'false')
,(21,45,410,38,'false')
,(20,58,476,10,'true')
,(24,36,322,22,'false')
,(60,31,565,33,'true')
,(42,41,379,37,'false')
,(8,8,898,31,'false')
,(54,38,600,17,'true')
,(56,51,928,13,'false')
,(35,60,769,40,'true')
,(38,42,340,30,'false')
,(59,49,475,35,'true')
,(53,3,195,20,'false')
,(12,5,301,13,'true')
,(4,32,687,24,'false')
,(30,46,740,12,'true')
,(11,4,945,18,'true')
,(44,56,917,30,'true')
,(28,7,339,16,'false')
,(15,9,292,18,'false')
,(50,35,168,32,'true')
,(6,19,300,32,'true')
,(23,52,687,27,'false')
,(55,43,774,36,'true')
,(37,12,536,23,'true')
,(49,48,300,28,'true')
,(16,20,784,21,'false')
,(46,59,584,17,'false')
,(32,14,634,35,'false')
,(19,28,552,15,'false')
,(18,47,711,20,'true')
,(9,44,817,26,'true')
,(1,26,79,39,'true')
,(52,13,305,30,'false')
,(27,34,496,23,'true')
,(49,42,92,14,'true')
,(46,57,769,36,'false')
,(8,45,751,28,'false')
,(58,12,195,24,'false')
,(7,11,470,33,'true')
,(13,43,139,13,'true')
,(9,23,423,27,'false')
,(30,58,940,28,'false')
,(31,2,495,35,'true')
,(52,1,698,19,'false')
,(38,60,102,39,'false')
,(24,14,613,13,'true')
,(11,53,807,23,'true')
,(19,44,650,19,'true')
,(26,59,484,40,'true')
,(59,26,789,19,'false')
,(16,38,639,25,'true')
,(42,17,983,32,'false')
,(12,6,726,26,'true')
,(44,13,153,13,'false')
,(5,8,315,31,'true')
,(40,20,698,23,'true')
,(15,48,387,22,'true')
,(48,35,252,16,'false')
,(45,30,340,35,'false')
,(21,21,757,28,'false')
,(32,40,272,37,'true')
,(41,19,823,22,'true')
,(23,50,444,20,'true')
,(25,25,870,20,'true')
,(41,42,998,28,'true')
,(4,2,825,37,'true')
,(16,57,412,37,'true')
,(8,55,392,19,'true')
,(25,28,415,11,'false')
,(39,17,484,10,'false')
,(2,8,264,16,'true')
,(48,58,622,26,'false')
,(49,13,297,21,'false')
,(51,38,909,29,'true')
,(26,54,659,28,'false')
,(46,10,630,37,'true')
,(33,59,89,30,'true')
,(7,16,309,38,'true')
,(5,14,248,35,'true')
,(59,19,783,28,'false')
,(21,45,747,31,'false')
,(38,49,713,16,'false')
,(44,6,626,10,'false')
,(30,37,850,12,'false')
,(6,53,703,10,'false')
,(35,29,997,13,'true')
,(31,12,112,30,'true')
,(56,36,822,31,'false')
,(54,43,931,10,'true')
,(42,44,395,28,'false')
,(24,52,630,15,'false')
,(19,22,945,14,'false')
,(55,9,970,17,'true')
,(40,35,158,22,'false')
,(37,26,430,15,'true')
,(37,15,969,14,'true')
,(43,3,879,30,'true')
,(49,59,662,38,'true')
,(48,1,419,30,'true')
,(4,52,958,38,'true')
,(21,9,526,21,'true')
,(7,35,232,19,'false')
,(34,26,198,15,'false')
,(23,45,640,28,'true')
,(56,12,810,25,'true')
,(57,22,767,29,'false')
,(12,39,930,29,'false')
,(51,5,639,25,'true')
,(14,21,409,28,'false')
,(15,6,57,22,'false')
,(31,29,466,37,'false')
,(10,17,912,18,'false')
,(42,46,65,37,'true')
,(40,10,278,18,'false')
,(39,37,521,34,'false')
,(33,13,266,39,'false')
,(52,14,103,33,'false')
,(1,50,401,28,'true')
,(26,16,521,14,'true')
,(59,2,218,14,'false')
,(28,51,360,18,'false')
,(30,23,975,37,'true')
,(19,42,613,18,'true')
,(11,34,689,28,'true')
,(20,33,665,36,'false')
,(16,30,79,39,'true')
,(25,56,702,33,'true')
,(16,37,244,24,'true')
,(50,54,214,35,'true')
,(34,7,539,39,'true')
,(26,13,722,40,'true')
,(54,30,977,31,'true')
,(56,23,758,39,'false')
,(41,59,535,19,'true')
,(2,58,455,29,'true')
,(22,55,581,16,'false')
,(15,12,832,18,'true')
,(4,15,990,37,'false')
,(53,1,488,27,'true')
,(12,32,416,26,'false')
,(27,47,153,14,'false')
,(49,25,576,35,'false')
,(21,34,271,36,'true')
,(24,20,897,18,'true')
,(47,26,756,30,'false')
,(3,50,749,27,'true')
,(52,6,495,15,'false')
,(6,35,60,32,'false')
,(7,53,993,33,'false')
,(14,40,869,21,'false')
,(44,8,61,13,'false')
,(60,39,935,32,'true')
,(28,41,204,40,'false')
,(29,42,627,13,'true')
,(55,3,669,12,'false')
,(8,45,484,34,'false')
,(43,9,876,15,'false')
,(1,21,284,17,'true')
,(50,9,953,36,'false')
,(19,1,804,13,'false')
,(48,37,370,30,'true')
,(49,39,269,28,'false')
,(11,31,568,13,'true')
,(31,46,430,11,'false')
,(20,51,352,30,'false')
,(35,26,159,17,'false')
,(34,52,905,38,'false')
,(58,60,954,34,'false')
,(12,58,485,27,'true')
,(24,4,908,37,'true')
,(33,38,974,19,'false')
,(13,59,708,33,'true')
,(39,14,742,27,'false')
,(43,5,964,35,'true')
,(26,32,806,18,'true')
,(5,54,237,29,'true')
,(14,55,427,21,'true')
,(18,44,206,39,'true')
,(9,27,467,28,'true')
,(7,23,328,18,'true')
,(27,17,878,31,'false')
,(29,15,988,15,'false')
,(15,41,132,13,'true')
,(59,25,345,20,'true')
,(44,10,379,24,'false')
,(57,45,575,33,'false')
,(56,30,506,19,'true')
,(55,8,687,29,'false')
,(25,38,806,17,'false')
,(10,41,495,35,'true')
,(44,55,380,13,'false')
,(38,11,147,15,'false')
,(47,52,804,39,'true')
,(36,46,996,22,'true')
,(14,1,232,40,'false')
,(12,43,713,31,'true')
,(29,37,969,33,'true')
,(11,48,462,30,'true')
,(1,32,750,29,'true')
,(5,35,218,15,'true')
,(58,5,434,21,'true')
,(6,18,966,25,'false')
,(51,17,950,31,'true')
,(60,19,310,14,'false')
,(4,21,65,12,'true')
,(9,8,922,17,'false')
,(54,16,991,22,'false')
,(3,49,920,12,'false')
,(24,29,42,11,'true')
,(19,7,395,31,'false')
,(32,20,344,37,'true')
,(37,60,756,27,'false')
,(45,57,351,14,'true')
,(43,53,398,27,'false')
,(46,27,650,26,'true')
,(16,22,617,32,'false')
,(34,3,535,24,'false')
,(21,39,880,28,'false')
,(27,40,410,10,'false')
,(47,45,898,25,'true')
,(48,23,643,35,'true')
,(59,17,782,22,'true')
,(22,1,832,13,'true')
,(37,59,275,11,'false')
,(7,35,959,30,'true')
,(5,8,425,25,'false')
,(28,6,195,35,'true')
,(25,54,812,14,'false')
,(34,52,155,35,'false')
,(53,57,591,17,'true')
,(40,14,712,30,'true')
,(32,30,636,14,'true')
,(12,42,418,29,'false')
,(4,27,871,39,'false')
,(8,50,789,33,'true')
,(52,46,717,28,'false')
,(60,47,802,15,'false')
,(11,5,312,18,'true')
,(2,56,289,39,'true')
,(15,58,136,26,'false')
,(43,41,281,15,'false')
,(38,36,317,21,'false')
,(27,2,942,19,'true')
,(29,34,377,34,'false')
,(56,33,825,11,'true')
,(13,37,331,16,'false')
,(23,4,849,37,'false')
,(33,43,911,20,'true')
,(6,7,468,13,'true')
,(24,10,431,16,'true')
,(38,35,861,17,'true')
,(46,20,656,13,'true')
,(15,28,464,31,'true')
,(49,53,768,29,'false')
,(1,51,678,17,'true')
,(40,54,277,26,'true')
,(13,24,459,19,'true')
,(60,45,208,29,'false')
,(8,43,892,18,'true')
,(31,57,222,23,'false')
,(21,44,916,14,'false')
,(25,29,543,39,'false')
,(50,21,74,37,'false')
,(9,18,55,14,'true')
,(43,15,104,11,'true')
,(18,4,546,29,'true')
,(48,41,199,17,'true')
,(5,10,261,38,'true')
,(22,37,564,30,'false')
,(30,23,935,21,'true')
,(7,12,899,34,'false')
,(20,6,939,29,'false')
,(2,2,571,35,'false')
,(4,7,957,22,'true')
,(51,56,681,23,'true')
,(14,46,137,26,'true')
,(29,36,131,21,'true')
,(36,39,123,39,'false')
,(35,55,449,40,'false')
,(23,40,825,32,'true')
,(10,1,451,30,'false')
,(2,42,531,30,'false')
,(27,22,282,12,'true')
,(14,55,579,20,'false')
,(22,44,679,33,'false')
,(55,28,688,13,'false')
,(58,49,229,29,'true')
,(19,30,536,27,'false')
,(59,11,637,23,'false')
,(40,15,631,24,'false')
,(18,43,668,33,'true')
,(60,45,452,13,'false')
,(3,47,575,31,'false')
,(20,13,941,27,'true')
,(33,5,758,40,'true')
,(24,10,899,23,'false')
,(57,40,827,31,'true')
,(41,19,977,39,'false')
,(5,25,671,13,'false')
,(13,41,446,22,'true')
,(48,39,247,38,'true')
,(23,7,646,16,'false')
,(21,34,988,16,'false')
,(53,12,54,34,'true')
,(38,23,399,13,'false')
,(10,9,821,19,'false')
,(51,36,875,10,'false')
,(34,29,909,10,'false')
,(12,2,170,31,'true')
,(7,59,129,36,'false')
,(4,18,487,14,'true')
,(6,4,384,38,'true')
,(23,35,939,27,'false')
,(35,4,807,10,'true')
,(3,49,363,11,'false')
,(46,43,474,15,'true')
,(8,36,870,21,'true')
,(48,40,124,15,'false')
,(37,10,285,36,'true')
,(57,29,290,23,'false')
,(47,52,96,35,'false')
,(51,15,672,24,'false')
,(44,47,337,27,'true')
,(60,11,95,13,'true')
,(17,14,54,21,'true')
,(26,33,126,12,'true')
,(45,19,725,16,'true')
,(13,60,262,32,'false')
,(25,57,602,18,'false')
,(39,22,636,15,'false')
,(58,31,44,30,'false')
,(41,5,210,29,'true')
,(7,55,270,37,'true')
,(5,25,59,36,'true')
,(56,45,613,18,'false')
,(16,28,903,17,'true')
,(43,9,135,29,'false')
,(32,59,496,11,'true')
,(1,48,877,24,'false')
,(15,17,467,15,'true')
,(50,46,746,30,'false')
,(18,58,888,31,'false')
,(19,56,257,28,'false')
,(45,42,457,29,'false')
,(28,32,231,30,'false')
,(52,26,87,35,'false')
,(32,35,319,14,'false')
,(12,5,815,10,'true')
,(59,59,800,25,'false')
,(4,11,919,38,'true')
,(57,55,393,24,'false')
,(10,54,183,38,'false')
,(13,22,469,31,'true')
,(41,28,499,14,'true')
,(20,3,980,26,'false')
,(25,40,805,37,'true')
,(55,38,524,32,'true')
,(29,41,541,39,'false')
,(7,17,285,12,'false')
,(46,1,971,28,'true')
,(36,52,417,39,'false')
,(15,24,751,28,'true')
,(60,53,208,24,'true')
,(18,14,697,13,'true')
,(48,51,533,10,'false')
,(17,50,683,27,'true')
,(35,18,879,13,'true')
,(40,30,211,37,'false')
,(2,49,734,36,'true')
,(3,2,353,24,'false')
,(24,45,529,37,'true')
,(49,29,388,28,'false')
,(30,19,444,23,'false')
,(33,56,736,31,'false')
,(25,48,729,34,'false')
,(23,33,252,38,'false')
,(22,45,424,23,'false')
,(58,53,85,22,'false')
,(60,1,735,29,'true')
,(9,30,925,13,'false')
,(34,37,149,23,'false')
,(26,29,43,12,'true')
,(2,59,249,21,'false')
,(49,39,266,36,'false')
,(4,52,903,23,'true')
,(21,38,237,35,'false')
,(28,25,593,38,'false')
,(48,10,101,19,'false')
,(38,57,676,33,'false')
,(15,36,361,13,'true')
,(6,2,697,24,'false')
,(32,58,459,20,'false')
,(13,49,710,20,'false')
,(35,6,183,37,'true')
,(18,14,949,40,'false')
,(17,42,344,18,'false')
,(59,47,438,33,'false')
,(5,50,874,34,'true')
,(45,8,544,34,'true')
,(27,28,869,14,'true')
,(42,56,608,20,'false')
,(12,32,677,24,'true')
,(54,41,231,33,'true')
,(44,21,233,20,'true')
,(14,17,325,16,'false')
,(14,39,733,14,'false')
,(10,32,376,19,'false')
,(33,41,301,25,'false')
,(13,36,788,29,'false')
,(27,45,242,28,'false')
,(37,59,959,21,'true')
,(57,20,489,17,'true')
,(53,21,422,24,'false')
,(18,14,294,29,'false')
,(8,16,893,22,'true')
,(2,25,431,33,'true')
,(30,51,998,12,'false')
,(46,1,736,30,'false')
,(3,7,522,13,'false')
,(39,18,545,12,'true')
,(41,40,579,23,'true')
,(35,5,553,13,'false')
,(58,55,227,10,'false')
,(28,27,993,35,'false')
,(9,28,857,31,'true')
,(55,12,847,27,'true')
,(42,15,440,18,'true')
,(21,35,177,14,'true')
,(7,50,94,36,'true')
,(12,43,136,36,'true')
,(22,30,740,13,'false')
,(44,44,868,25,'false')
,(23,31,590,26,'true')
,(34,10,479,15,'true')
,(36,13,885,21,'true')
,(40,17,830,21,'true')
,(5,47,330,27,'true')
,(1,52,583,13,'true')
,(17,25,423,35,'false')
,(48,15,60,31,'false')
,(14,20,999,34,'true')
,(25,22,254,16,'true')
,(6,35,759,16,'false')
,(22,28,130,11,'false')
,(20,56,365,24,'true')
,(32,18,225,15,'false')
,(2,17,312,13,'true')
,(16,37,925,32,'true')
,(19,32,995,18,'true')
,(44,24,868,26,'true')
,(51,11,560,37,'false')
,(54,5,171,12,'true')
,(30,10,765,11,'false')
,(56,34,361,27,'true')
,(47,58,123,33,'false')
,(26,29,659,24,'false')
,(41,27,653,15,'false')
,(45,50,379,20,'true')
,(13,49,189,14,'false')
,(46,23,642,36,'false')
,(9,9,158,16,'false')
,(35,43,848,39,'true')
,(42,13,346,38,'true')
,(60,53,295,34,'false')
,(3,38,250,34,'false')
,(49,41,350,25,'false')
,(12,31,592,32,'false')
,(6,47,366,15,'true')
,(56,32,787,19,'false')
,(59,34,633,37,'true')
,(26,54,416,33,'true')
,(14,8,631,11,'true')
,(47,21,294,36,'true')
,(16,5,526,34,'false')
,(41,52,788,39,'true')
,(33,11,243,16,'false')
,(44,27,81,26,'true')
,(13,39,581,13,'false')
,(43,25,950,16,'false')
,(48,22,790,39,'false')
,(49,31,902,32,'true')
,(21,7,834,19,'true')
,(53,3,965,14,'true')
,(57,60,983,13,'false')
,(52,12,567,26,'true')
,(50,46,366,34,'false')
,(39,38,289,12,'false')
,(17,58,606,34,'false')
,(60,20,593,40,'false')
,(1,57,624,15,'false')
,(35,4,663,28,'true')
,(42,55,880,18,'true')
,(38,43,354,24,'true')
,(54,45,206,11,'false')
,(12,2,549,25,'false')
,(15,30,968,17,'true')
,(22,40,284,13,'true')
,(34,9,126,13,'false')
,(18,42,595,39,'true')
,(43,47,275,35,'false')
,(48,6,604,25,'false')
,(26,56,263,30,'true')
,(7,25,104,34,'false')
,(1,1,195,19,'true')
,(22,30,279,10,'true')
,(13,38,761,33,'true')
,(55,50,933,34,'true')
,(12,34,245,29,'true')
,(39,33,454,33,'true')
,(29,52,548,17,'true')
,(45,43,683,40,'false')
,(33,20,150,17,'false')
,(51,49,709,35,'true')
,(31,58,221,26,'true')
,(6,11,703,18,'false')
,(20,54,44,17,'false')
,(54,3,361,17,'true')
,(59,59,59,30,'false')
,(28,27,160,19,'true')
,(57,14,355,24,'false')
,(53,22,840,30,'false')
,(27,8,303,39,'true')
,(47,19,168,14,'true')
,(44,23,181,15,'true')
,(35,39,939,39,'true')
,(4,21,328,31,'false')
,(50,4,913,39,'true')
,(30,41,899,31,'false')
,(34,5,826,33,'false')
,(20,18,628,34,'true')
,(15,9,143,30,'false')
,(19,15,933,22,'true')
,(16,39,561,35,'true')
,(38,7,375,13,'true')
,(42,21,779,12,'false')
,(36,38,680,23,'true')
,(40,37,494,26,'false')
,(44,50,554,23,'false')
,(11,56,691,21,'true')
,(32,28,308,34,'false')
,(41,29,172,31,'true')
,(29,45,698,18,'false')
,(1,11,142,25,'true')
,(56,32,671,34,'false')
,(53,30,56,17,'false')
,(24,60,208,13,'false')
,(5,10,392,15,'false')
,(9,41,526,14,'false')
,(35,19,334,32,'false')
,(3,42,768,14,'false')
,(30,12,595,28,'true')
,(58,25,875,28,'true')
,(23,46,285,21,'true')
,(7,2,669,29,'false')
,(45,52,975,22,'false')
,(12,14,989,20,'true')
,(31,40,375,27,'true')
,(28,26,819,25,'true')
,(4,51,314,17,'true')
,(48,43,249,23,'true')
,(1,39,603,32,'false')
,(8,5,404,25,'true')
,(22,20,111,39,'true')
,(17,27,555,11,'true')
,(31,36,738,18,'false')
,(12,28,975,40,'true')
,(26,3,376,26,'true')
,(59,4,237,21,'true')
,(16,1,264,25,'false')
,(50,46,976,25,'true')
,(13,48,795,21,'true')
,(21,60,992,20,'false')
,(7,43,530,27,'false')
,(27,41,817,15,'false')
,(5,30,371,25,'true')
,(56,6,937,37,'true')
,(55,21,356,12,'true')
,(40,55,955,15,'true')
,(39,45,967,39,'true')
,(49,24,168,36,'false')
,(30,49,658,35,'true')
,(53,52,699,31,'false')
,(51,10,912,26,'false')
,(42,12,994,14,'false')
,(48,38,954,39,'true')
,(44,59,978,24,'false')
,(3,47,852,25,'false')
,(15,56,407,38,'true')
,(19,9,583,36,'false')
,(9,25,420,17,'true')
,(41,50,757,26,'true')
,(21,26,252,19,'true')
,(44,50,175,15,'true')
,(19,28,938,38,'true')
,(29,53,785,18,'false')
,(54,25,190,22,'true')
,(11,44,923,36,'false')
,(24,12,262,34,'false')
,(57,24,215,30,'true')
,(3,51,870,33,'false')
,(41,17,373,11,'false')
,(38,59,194,37,'true')
,(15,2,654,19,'true')
,(58,5,557,34,'false')
,(55,23,92,31,'true')
,(33,55,581,29,'false')
,(16,54,534,35,'true')
,(4,7,985,30,'true')
,(39,8,672,31,'false')
,(1,11,507,37,'true')
,(12,1,932,18,'false')
,(43,22,668,19,'true')
,(36,39,208,38,'false')
,(23,34,799,18,'true')
,(49,19,222,15,'true')
,(5,47,505,15,'false')
,(14,16,916,22,'false')
,(42,48,931,11,'false')
,(27,52,231,12,'true')
,(20,35,927,22,'true')
,(53,33,441,28,'true')
,(47,18,898,40,'false')
,(20,41,921,29,'false')
,(30,46,836,18,'true')
,(22,17,350,17,'true')
,(5,20,648,13,'true')
,(4,53,591,19,'true')
,(45,49,870,19,'true')
,(21,35,989,29,'false')
,(52,23,797,37,'true')
,(60,16,580,37,'true')
,(58,7,546,24,'true')
,(47,44,153,37,'false')
,(11,22,140,30,'true')
,(59,51,503,34,'false')
,(37,4,51,28,'true')
,(18,9,151,38,'false')
,(56,59,844,23,'true')
,(9,10,446,24,'false')
,(34,3,746,13,'false')
,(43,15,488,23,'true')
,(31,6,954,19,'false')
,(54,40,693,37,'true')
,(15,60,285,22,'false')
,(25,47,298,16,'false')
,(48,57,898,31,'true')
,(49,55,509,25,'false')
,(55,29,286,29,'false')
,(19,32,406,26,'true')
,(50,43,569,37,'true')
,(33,48,388,22,'false')
,(36,36,883,20,'false')
,(41,38,617,39,'true')
,(30,1,118,34,'false')
,(58,9,216,11,'false')
,(20,46,52,38,'true')
,(6,13,761,29,'true')
,(52,22,54,20,'true')
,(24,6,873,35,'false')
,(8,35,377,22,'true')
,(11,26,288,13,'false')
,(15,58,587,26,'true')
,(21,36,485,11,'true')
,(47,44,818,21,'false')
,(37,54,546,31,'false')
,(25,11,517,32,'true')
,(40,52,545,22,'false')
,(55,47,238,21,'true')
,(28,28,76,18,'true')
,(57,24,644,28,'false')
,(31,25,221,20,'false')
,(46,48,769,22,'false')
,(36,5,319,10,'false')
,(51,21,639,36,'false')
,(38,37,51,35,'false')
,(41,56,812,40,'true')
,(54,38,595,22,'true')
,(14,57,716,25,'true')
,(23,7,56,12,'false')
,(2,16,392,12,'true')
,(48,41,174,14,'true')
,(50,53,149,32,'true')
,(29,42,711,16,'false')
,(26,33,642,36,'false')
,(14,40,140,27,'true')
,(43,16,333,26,'true')
,(60,3,906,38,'false')
,(50,25,419,33,'true')
,(25,22,550,29,'true')
,(31,18,388,15,'true')
,(45,54,478,15,'true')
,(11,29,991,36,'true')
,(53,17,923,34,'false')
,(47,50,66,22,'false')
,(13,12,169,13,'false')
,(20,23,428,12,'true')
,(30,47,577,11,'false')
,(9,55,442,37,'false')
,(46,27,600,26,'true')
,(58,24,136,38,'true')
,(6,53,685,26,'true')
,(38,32,715,14,'false')
,(52,19,493,32,'true')
,(37,42,800,14,'true')
,(41,9,457,22,'true')
,(57,11,831,18,'false')
,(32,21,414,21,'false')
,(56,10,258,12,'true')
,(33,35,840,26,'false')
,(48,36,611,34,'true')
,(12,7,336,25,'false')
,(54,28,49,26,'false')
,(35,5,273,24,'false')
,(2,31,86,36,'false')
,(23,44,786,16,'false')
,(8,45,371,15,'false')
,(7,13,883,21,'true')
,(29,26,853,33,'true')
,(15,59,364,31,'true')
,(19,1,423,21,'false')
,(18,38,105,28,'false')
,(40,33,517,33,'true')
,(3,15,108,33,'false');
